name,class,occupation,physicalDescription,personality,background,specialSkills,visualPrompt
"Thorne Rivenguard","Ranger","Arqueiro","Thorne Rivenguard tem cerca de 1.90m de altura, porte atlético e postura alerta. Traços marcantes nos olhos e mandíbula firme sugerem disciplina e anos de treino. Veste peças de couro reforçado e tecido escuro com detalhes rúnicos discretos, mantendo mobilidade sem perder proteção. O cabelo, bem aparado ou preso, acompanha um semblante atento, pronto para reagir em instantes.","Reservado, observador e pragmático, evita desperdícios e age com precisão. Leal ao grupo, valoriza planejamento e mantém calma sob pressão, usando humor contido para aliviar a tensão quando necessário.","Cresceu em vilas entre bosques antigos, aprendendo rastreamento e sobrevivência com guardiões locais. Após conflitos com saqueadores e criaturas da mata, desenvolveu responsabilidade com as fronteiras, aceitando missões que protegem rotas comerciais e aldeias sob risco constante.","Percepção aguçada e leitura de pistas no terreno | Movimentação silenciosa e posicionamento tático | Tiro preciso ou golpe oportuno em pontos vitais","Arqueiro Ranger em cenário de castelo iluminado por tochas, couro escuro com detalhes metálicos discretos, postura pronta, arco ou lâmina leve, estilo neon/arcano, luz fria em contraste com fundo âmbar."
"Luna Stormborn","Paladin","Clérigo","Luna Stormborn tem cerca de 1.82m de altura, porte atlético e postura alerta. Traços marcantes nos olhos e mandíbula firme sugerem disciplina e anos de treino. Veste peças de couro reforçado e tecido escuro com detalhes rúnicos discretos, mantendo mobilidade sem perder proteção. O cabelo, bem aparado ou preso, acompanha um semblante atento, pronto para reagir em instantes.","Reservado, observador e pragmático, evita desperdícios e age com precisão. Leal ao grupo, valoriza planejamento e mantém calma sob pressão, usando humor contido para aliviar a tensão quando necessário.","Cresceu em vilas entre bosques antigos, aprendendo rastreamento e sobrevivência com guardiões locais. Após conflitos com saqueadores e criaturas da mata, desenvolveu responsabilidade com as fronteiras, aceitando missões que protegem rotas comerciais e aldeias sob risco constante.","Percepção aguçada e leitura de pistas no terreno | Movimentação silenciosa e posicionamento tático | Tiro preciso ou golpe oportuno em pontos vitais","Clérigo Paladin em cenário de castelo iluminado por tochas, couro escuro com detalhes metálicos discretos, postura pronta, arco ou lâmina leve, estilo neon/arcano, luz fria em contraste com fundo âmbar."
"Kai Silverleaf","Cleric","Druida","Kai Silverleaf tem cerca de 1.88m de altura, porte atlético e postura alerta. Traços marcantes nos olhos e mandíbula firme sugerem disciplina e anos de treino. Veste peças de couro reforçado e tecido escuro com detalhes rúnicos discretos, mantendo mobilidade sem perder proteção. O cabelo, bem aparado ou preso, acompanha um semblante atento, pronto para reagir em instantes.","Reservado, observador e pragmático, evita desperdícios e age com precisão. Leal ao grupo, valoriza planejamento e mantém calma sob pressão, usando humor contido para aliviar a tensão quando necessário.","Cresceu em vilas entre bosques antigos, aprendendo rastreamento e sobrevivência com guardiões locais. Após conflitos com saqueadores e criaturas da mata, desenvolveu responsabilidade com as fronteiras, aceitando missões que protegem rotas comerciais e aldeias sob risco constante.","Percepção aguçada e leitura de pistas no terreno | Movimentação silenciosa e posicionamento tático | Tiro preciso ou golpe oportuno em pontos vitais","Druida Cleric em cenário de castelo iluminado por tochas, couro escuro com detalhes metálicos discretos, postura pronta, arco ou lâmina leve, estilo neon/arcano, luz fria em contraste com fundo âmbar."
"Mara Nightfall","Rogue","Bardo","Mara Nightfall tem cerca de 1.90m de altura, porte atlético e postura alerta. Traços marcantes nos olhos e mandíbula firme sugerem disciplina e anos de treino. Veste peças de couro reforçado e tecido escuro com detalhes rúnicos discretos, mantendo mobilidade sem perder proteção. O cabelo, bem aparado ou preso, acompanha um semblante atento, pronto para reagir em instantes.","Reservado, observador e pragmático, evita desperdícios e age com precisão. Leal ao grupo, valoriza planejamento e mantém calma sob pressão, usando humor contido para aliviar a tensão quando necessário.","Cresceu em vilas entre bosques antigos, aprendendo rastreamento e sobrevivência com guardiões locais. Após conflitos com saqueadores e criaturas da mata, desenvolveu responsabilidade com as fronteiras, aceitando missões que protegem rotas comerciais e aldeias sob risco constante.","Percepção aguçada e leitura de pistas no terreno | Movimentação silenciosa e posicionamento tático | Tiro preciso ou golpe oportuno em pontos vitais","Bardo Rogue em cenário de castelo iluminado por tochas, couro escuro com detalhes metálicos discretos, postura pronta, arco ou lâmina leve, estilo neon/arcano, luz fria em contraste com fundo âmbar."
"Orion Ashenvale","Druid","Paladino","Orion Ashenvale tem cerca de 1.77m de altura, porte atlético e postura alerta. Traços marcantes nos olhos e mandíbula firme sugerem disciplina e anos de treino. Veste peças de couro reforçado e tecido escuro com detalhes rúnicos discretos, mantendo mobilidade sem perder proteção. O cabelo, bem aparado ou preso, acompanha um semblante atento, pronto para reagir em instantes.","Reservado, observador e pragmático, evita desperdícios e age com precisão. Leal ao grupo, valoriza planejamento e mantém calma sob pressão, usando humor contido para aliviar a tensão quando necessário.","Cresceu em vilas entre bosques antigos, aprendendo rastreamento e sobrevivência com guardiões locais. Após conflitos com saqueadores e criaturas da mata, desenvolveu responsabilidade com as fronteiras, aceitando missões que protegem rotas comerciais e aldeias sob risco constante.","Percepção aguçada e leitura de pistas no terreno | Movimentação silenciosa e posicionamento tático | Tiro preciso ou golpe oportuno em pontos vitais","Paladino Druid em cenário de castelo iluminado por tochas, couro escuro com detalhes metálicos discretos, postura pronta, arco ou lâmina leve, estilo neon/arcano, luz fria em contraste com fundo âmbar."
"Selene Ironheart","Bard","Warlock","Selene Ironheart tem cerca de 1.68m de altura, porte atlético e postura alerta. Traços marcantes nos olhos e mandíbula firme sugerem disciplina e anos de treino. Veste peças de couro reforçado e tecido escuro com detalhes rúnicos discretos, mantendo mobilidade sem perder proteção. O cabelo, bem aparado ou preso, acompanha um semblante atento, pronto para reagir em instantes.","Reservado, observador e pragmático, evita desperdícios e age com precisão. Leal ao grupo, valoriza planejamento e mantém calma sob pressão, usando humor contido para aliviar a tensão quando necessário.","Cresceu em vilas entre bosques antigos, aprendendo rastreamento e sobrevivência com guardiões locais. Após conflitos com saqueadores e criaturas da mata, desenvolveu responsabilidade com as fronteiras, aceitando missões que protegem rotas comerciais e aldeias sob risco constante.","Percepção aguçada e leitura de pistas no terreno | Movimentação silenciosa e posicionamento tático | Tiro preciso ou golpe oportuno em pontos vitais","Warlock Bard em cenário de castelo iluminado por tochas, couro escuro com detalhes metálicos discretos, postura pronta, arco ou lâmina leve, estilo neon/arcano, luz fria em contraste com fundo âmbar."
"Darius Sunspire","Barbarian","Warlock","Darius Sunspire tem cerca de 1.79m de altura, porte atlético e postura alerta. Traços marcantes nos olhos e mandíbula firme sugerem disciplina e anos de treino. Veste peças de couro reforçado e tecido escuro com detalhes rúnicos discretos, mantendo mobilidade sem perder proteção. O cabelo, bem aparado ou preso, acompanha um semblante atento, pronto para reagir em instantes.","Reservado, observador e pragmático, evita desperdícios e age com precisão. Leal ao grupo, valoriza planejamento e mantém calma sob pressão, usando humor contido para aliviar a tensão quando necessário.","Cresceu em vilas entre bosques antigos, aprendendo rastreamento e sobrevivência com guardiões locais. Após conflitos com saqueadores e criaturas da mata, desenvolveu responsabilidade com as fronteiras, aceitando missões que protegem rotas comerciais e aldeias sob risco constante.","Percepção aguçada e leitura de pistas no terreno | Movimentação silenciosa e posicionamento tático | Tiro preciso ou golpe oportuno em pontos vitais","Warlock Barbarian em cenário de castelo iluminado por tochas, couro escuro com detalhes metálicos discretos, postura pronta, arco ou lâmina leve, estilo neon/arcano, luz fria em contraste com fundo âmbar."
"Aria Frostbane","Sorcerer","Rogue","Aria Frostbane tem cerca de 1.93m de altura, porte atlético e postura alerta. Traços marcantes nos olhos e mandíbula firme sugerem disciplina e anos de treino. Veste peças de couro reforçado e tecido escuro com detalhes rúnicos discretos, mantendo mobilidade sem perder proteção. O cabelo, bem aparado ou preso, acompanha um semblante atento, pronto para reagir em instantes.","Reservado, observador e pragmático, evita desperdícios e age com precisão. Leal ao grupo, valoriza planejamento e mantém calma sob pressão, usando humor contido para aliviar a tensão quando necessário.","Cresceu em vilas entre bosques antigos, aprendendo rastreamento e sobrevivência com guardiões locais. Após conflitos com saqueadores e criaturas da mata, desenvolveu responsabilidade com as fronteiras, aceitando missões que protegem rotas comerciais e aldeias sob risco constante.","Percepção aguçada e leitura de pistas no terreno | Movimentação silenciosa e posicionamento tático | Tiro preciso ou golpe oportuno em pontos vitais","Rogue Sorcerer em cenário de castelo iluminado por tochas, couro escuro com detalhes metálicos discretos, postura pronta, arco ou lâmina leve, estilo neon/arcano, luz fria em contraste com fundo âmbar."
"Riven Starcrest","Rogue","Monge","Riven Starcrest tem cerca de 1.84m de altura, porte atlético e postura alerta. Traços marcantes nos olhos e mandíbula firme sugerem disciplina e anos de treino. Veste peças de couro reforçado e tecido escuro com detalhes rúnicos discretos, mantendo mobilidade sem perder proteção. O cabelo, bem aparado ou preso, acompanha um semblante atento, pronto para reagir em instantes.","Reservado, observador e pragmático, evita desperdícios e age com precisão. Leal ao grupo, valoriza planejamento e mantém calma sob pressão, usando humor contido para aliviar a tensão quando necessário.","Cresceu em vilas entre bosques antigos, aprendendo rastreamento e sobrevivência com guardiões locais. Após conflitos com saqueadores e criaturas da mata, desenvolveu responsabilidade com as fronteiras, aceitando missões que protegem rotas comerciais e aldeias sob risco constante.","Percepção aguçada e leitura de pistas no terreno | Movimentação silenciosa e posicionamento tático | Tiro preciso ou golpe oportuno em pontos vitais","Monge Rogue em cenário de castelo iluminado por tochas, couro escuro com detalhes metálicos discretos, postura pronta, arco ou lâmina leve, estilo neon/arcano, luz fria em contraste com fundo âmbar."
"Nyx Shadowmere","Druid","Warlock","Nyx Shadowmere tem cerca de 1.88m de altura, porte atlético e postura alerta. Traços marcantes nos olhos e mandíbula firme sugerem disciplina e anos de treino. Veste peças de couro reforçado e tecido escuro com detalhes rúnicos discretos, mantendo mobilidade sem perder proteção. O cabelo, bem aparado ou preso, acompanha um semblante atento, pronto para reagir em instantes.","Reservado, observador e pragmático, evita desperdícios e age com precisão. Leal ao grupo, valoriza planejamento e mantém calma sob pressão, usando humor contido para aliviar a tensão quando necessário.","Cresceu em vilas entre bosques antigos, aprendendo rastreamento e sobrevivência com guardiões locais. Após conflitos com saqueadores e criaturas da mata, desenvolveu responsabilidade com as fronteiras, aceitando missões que protegem rotas comerciais e aldeias sob risco constante.","Percepção aguçada e leitura de pistas no terreno | Movimentação silenciosa e posicionamento tático | Tiro preciso ou golpe oportuno em pontos vitais","Warlock Druid em cenário de castelo iluminado por tochas, couro escuro com detalhes metálicos discretos, postura pronta, arco ou lâmina leve, estilo neon/arcano, luz fria em contraste com fundo âmbar."
"Kellan Dawnhollow","Sorcerer","Monge","Kellan Dawnhollow tem cerca de 1.90m de altura, porte atlético e postura alerta. Traços marcantes nos olhos e mandíbula firme sugerem disciplina e anos de treino. Veste peças de couro reforçado e tecido escuro com detalhes rúnicos discretos, mantendo mobilidade sem perder proteção. O cabelo, bem aparado ou preso, acompanha um semblante atento, pronto para reagir em instantes.","Reservado, observador e pragmático, evita desperdícios e age com precisão. Leal ao grupo, valoriza planejamento e mantém calma sob pressão, usando humor contido para aliviar a tensão quando necessário.","Cresceu em vilas entre bosques antigos, aprendendo rastreamento e sobrevivência com guardiões locais. Após conflitos com saqueadores e criaturas da mata, desenvolveu responsabilidade com as fronteiras, aceitando missões que protegem rotas comerciais e aldeias sob risco constante.","Percepção aguçada e leitura de pistas no terreno | Movimentação silenciosa e posicionamento tático | Tiro preciso ou golpe oportuno em pontos vitais","Monge Sorcerer em cenário de castelo iluminado por tochas, couro escuro com detalhes metálicos discretos, postura pronta, arco ou lâmina leve, estilo neon/arcano, luz fria em contraste com fundo âmbar."
"Eira Emberwild","Ranger","Arqueiro","Eira Emberwild tem cerca de 1.83m de altura, porte atlético e postura alerta. Traços marcantes nos olhos e mandíbula firme sugerem disciplina e anos de treino. Veste peças de couro reforçado e tecido escuro com detalhes rúnicos discretos, mantendo mobilidade sem perder proteção. O cabelo, bem aparado ou preso, acompanha um semblante atento, pronto para reagir em instantes.","Reservado, observador e pragmático, evita desperdícios e age com precisão. Leal ao grupo, valoriza planejamento e mantém calma sob pressão, usando humor contido para aliviar a tensão quando necessário.","Cresceu em vilas entre bosques antigos, aprendendo rastreamento e sobrevivência com guardiões locais. Após conflitos com saqueadores e criaturas da mata, desenvolveu responsabilidade com as fronteiras, aceitando missões que protegem rotas comerciais e aldeias sob risco constante.","Percepção aguçada e leitura de pistas no terreno | Movimentação silenciosa e posicionamento tático | Tiro preciso ou golpe oportuno em pontos vitais","Arqueiro Ranger em cenário de castelo iluminado por tochas, couro escuro com detalhes metálicos discretos, postura pronta, arco ou lâmina leve, estilo neon/arcano, luz fria em contraste com fundo âmbar."
"Thorne Rivenguard","Rogue","Guardião","Thorne Rivenguard tem cerca de 1.67m de altura, porte atlético e postura alerta. Traços marcantes nos olhos e mandíbula firme sugerem disciplina e anos de treino. Veste peças de couro reforçado e tecido escuro com detalhes rúnicos discretos, mantendo mobilidade sem perder proteção. O cabelo, bem aparado ou preso, acompanha um semblante atento, pronto para reagir em instantes.","Reservado, observador e pragmático, evita desperdícios e age com precisão. Leal ao grupo, valoriza planejamento e mantém calma sob pressão, usando humor contido para aliviar a tensão quando necessário.","Cresceu em vilas entre bosques antigos, aprendendo rastreamento e sobrevivência com guardiões locais. Após conflitos com saqueadores e criaturas da mata, desenvolveu responsabilidade com as fronteiras, aceitando missões que protegem rotas comerciais e aldeias sob risco constante.","Percepção aguçada e leitura de pistas no terreno | Movimentação silenciosa e posicionamento tático | Tiro preciso ou golpe oportuno em pontos vitais","Guardião Rogue em cenário de castelo iluminado por tochas, couro escuro com detalhes metálicos discretos, postura pronta, arco ou lâmina leve, estilo neon/arcano, luz fria em contraste com fundo âmbar."
"Lyra Moonblade","Barbarian","Bardo","Lyra Moonblade tem cerca de 1.74m de altura, porte atlético e postura alerta. Traços marcantes nos olhos e mandíbula firme sugerem disciplina e anos de treino. Veste peças de couro reforçado e tecido escuro com detalhes rúnicos discretos, mantendo mobilidade sem perder proteção. O cabelo, bem aparado ou preso, acompanha um semblante atento, pronto para reagir em instantes.","Reservado, observador e pragmático, evita desperdícios e age com precisão. Leal ao grupo, valoriza planejamento e mantém calma sob pressão, usando humor contido para aliviar a tensão quando necessário.","Cresceu em vilas entre bosques antigos, aprendendo rastreamento e sobrevivência com guardiões locais. Após conflitos com saqueadores e criaturas da mata, desenvolveu responsabilidade com as fronteiras, aceitando missões que protegem rotas comerciais e aldeias sob risco constante.","Percepção aguçada e leitura de pistas no terreno | Movimentação silenciosa e posicionamento tático | Tiro preciso ou golpe oportuno em pontos vitais","Bardo Barbarian em cenário de castelo iluminado por tochas, couro escuro com detalhes metálicos discretos, postura pronta, arco ou lâmina leve, estilo neon/arcano, luz fria em contraste com fundo âmbar."
"Cassian Skysong","Barbarian","Ranger","Cassian Skysong tem cerca de 1.75m de altura, porte atlético e postura alerta. Traços marcantes nos olhos e mandíbula firme sugerem disciplina e anos de treino. Veste peças de couro reforçado e tecido escuro com detalhes rúnicos discretos, mantendo mobilidade sem perder proteção. O cabelo, bem aparado ou preso, acompanha um semblante atento, pronto para reagir em instantes.","Reservado, observador e pragmático, evita desperdícios e age com precisão. Leal ao grupo, valoriza planejamento e mantém calma sob pressão, usando humor contido para aliviar a tensão quando necessário.","Cresceu em vilas entre bosques antigos, aprendendo rastreamento e sobrevivência com guardiões locais. Após conflitos com saqueadores e criaturas da mata, desenvolveu responsabilidade com as fronteiras, aceitando missões que protegem rotas comerciais e aldeias sob risco constante.","Percepção aguçada e leitura de pistas no terreno | Movimentação silenciosa e posicionamento tático | Tiro preciso ou golpe oportuno em pontos vitais","Ranger Barbarian em cenário de castelo iluminado por tochas, couro escuro com detalhes metálicos discretos, postura pronta, arco ou lâmina leve, estilo neon/arcano, luz fria em contraste com fundo âmbar."
"Elara Flameborn","Paladin","Monge","Elara Flameborn tem cerca de 1.92m de altura, porte atlético e postura alerta. Traços marcantes nos olhos e mandíbula firme sugerem disciplina e anos de treino. Veste peças de couro reforçado e tecido escuro com detalhes rúnicos discretos, mantendo mobilidade sem perder proteção. O cabelo, bem aparado ou preso, acompanha um semblante atento, pronto para reagir em instantes.","Reservado, observador e pragmático, evita desperdícios e age com precisão. Leal ao grupo, valoriza planejamento e mantém calma sob pressão, usando humor contido para aliviar a tensão quando necessário.","Cresceu em vilas entre bosques antigos, aprendendo rastreamento e sobrevivência com guardiões locais. Após conflitos com saqueadores e criaturas da mata, desenvolveu responsabilidade com as fronteiras, aceitando missões que protegem rotas comerciais e aldeias sob risco constante.","Percepção aguçada e leitura de pistas no terreno | Movimentação silenciosa e posicionamento tático | Tiro preciso ou golpe oportuno em pontos vitais","Monge Paladin em cenário de castelo iluminado por tochas, couro escuro com detalhes metálicos discretos, postura pronta, arco ou lâmina leve, estilo neon/arcano, luz fria em contraste com fundo âmbar."
"Rowan Mistwalker","Bard","Feiticeiro","Rowan Mistwalker tem cerca de 1.82m de altura, porte atlético e postura alerta. Traços marcantes nos olhos e mandíbula firme sugerem disciplina e anos de treino. Veste peças de couro reforçado e tecido escuro com detalhes rúnicos discretos, mantendo mobilidade sem perder proteção. O cabelo, bem aparado ou preso, acompanha um semblante atento, pronto para reagir em instantes.","Reservado, observador e pragmático, evita desperdícios e age com precisão. Leal ao grupo, valoriza planejamento e mantém calma sob pressão, usando humor contido para aliviar a tensão quando necessário.","Cresceu em vilas entre bosques antigos, aprendendo rastreamento e sobrevivência com guardiões locais. Após conflitos com saqueadores e criaturas da mata, desenvolveu responsabilidade com as fronteiras, aceitando missões que protegem rotas comerciais e aldeias sob risco constante.","Percepção aguçada e leitura de pistas no terreno | Movimentação silenciosa e posicionamento tático | Tiro preciso ou golpe oportuno em pontos vitais","Feiticeiro Bard em cenário de castelo iluminado por tochas, couro escuro com detalhes metálicos discretos, postura pronta, arco ou lâmina leve, estilo neon/arcano, luz fria em contraste com fundo âmbar."
"Zara Oakenshield","Rogue","Mago","Zara Oakenshield tem cerca de 1.88m de altura, porte atlético e postura alerta. Traços marcantes nos olhos e mandíbula firme sugerem disciplina e anos de treino. Veste peças de couro reforçado e tecido escuro com detalhes rúnicos discretos, mantendo mobilidade sem perder proteção. O cabelo, bem aparado ou preso, acompanha um semblante atento, pronto para reagir em instantes.","Reservado, observador e pragmático, evita desperdícios e age com precisão. Leal ao grupo, valoriza planejamento e mantém calma sob pressão, usando humor contido para aliviar a tensão quando necessário.","Cresceu em vilas entre bosques antigos, aprendendo rastreamento e sobrevivência com guardiões locais. Após conflitos com saqueadores e criaturas da mata, desenvolveu responsabilidade com as fronteiras, aceitando missões que protegem rotas comerciais e aldeias sob risco constante.","Percepção aguçada e leitura de pistas no terreno | Movimentação silenciosa e posicionamento tático | Tiro preciso ou golpe oportuno em pontos vitais","Mago Rogue em cenário de castelo iluminado por tochas, couro escuro com detalhes metálicos discretos, postura pronta, arco ou lâmina leve, estilo neon/arcano, luz fria em contraste com fundo âmbar."
"Drake Stonehelm","Warlock","Mago","Drake Stonehelm tem cerca de 1.75m de altura, porte atlético e postura alerta. Traços marcantes nos olhos e mandíbula firme sugerem disciplina e anos de treino. Veste peças de couro reforçado e tecido escuro com detalhes rúnicos discretos, mantendo mobilidade sem perder proteção. O cabelo, bem aparado ou preso, acompanha um semblante atento, pronto para reagir em instantes.","Reservado, observador e pragmático, evita desperdícios e age com precisão. Leal ao grupo, valoriza planejamento e mantém calma sob pressão, usando humor contido para aliviar a tensão quando necessário.","Cresceu em vilas entre bosques antigos, aprendendo rastreamento e sobrevivência com guardiões locais. Após conflitos com saqueadores e criaturas da mata, desenvolveu responsabilidade com as fronteiras, aceitando missões que protegem rotas comerciais e aldeias sob risco constante.","Percepção aguçada e leitura de pistas no terreno | Movimentação silenciosa e posicionamento tático | Tiro preciso ou golpe oportuno em pontos vitais","Mago Warlock em cenário de castelo iluminado por tochas, couro escuro com detalhes metálicos discretos, postura pronta, arco ou lâmina leve, estilo neon/arcano, luz fria em contraste com fundo âmbar."
"Nia Brightwind","Wizard","Paladino","Nia Brightwind tem cerca de 1.88m de altura, porte atlético e postura alerta. Traços marcantes nos olhos e mandíbula firme sugerem disciplina e anos de treino. Veste peças de couro reforçado e tecido escuro com detalhes rúnicos discretos, mantendo mobilidade sem perder proteção. O cabelo, bem aparado ou preso, acompanha um semblante atento, pronto para reagir em instantes.","Reservado, observador e pragmático, evita desperdícios e age com precisão. Leal ao grupo, valoriza planejamento e mantém calma sob pressão, usando humor contido para aliviar a tensão quando necessário.","Cresceu em vilas entre bosques antigos, aprendendo rastreamento e sobrevivência com guardiões locais. Após conflitos com saqueadores e criaturas da mata, desenvolveu responsabilidade com as fronteiras, aceitando missões que protegem rotas comerciais e aldeias sob risco constante.","Percepção aguçada e leitura de pistas no terreno | Movimentação silenciosa e posicionamento tático | Tiro preciso ou golpe oportuno em pontos vitais","Paladino Wizard em cenário de castelo iluminado por tochas, couro escuro com detalhes metálicos discretos, postura pronta, arco ou lâmina leve, estilo neon/arcano, luz fria em contraste com fundo âmbar."
"Aiden Blackwood","Sorcerer","Vanguarda","Aiden Blackwood tem cerca de 1.89m de altura, porte atlético e postura alerta. Traços marcantes nos olhos e mandíbula firme sugerem disciplina e anos de treino. Veste peças de couro reforçado e tecido escuro com detalhes rúnicos discretos, mantendo mobilidade sem perder proteção. O cabelo, bem aparado ou preso, acompanha um semblante atento, pronto para reagir em instantes.","Reservado, observador e pragmático, evita desperdícios e age com precisão. Leal ao grupo, valoriza planejamento e mantém calma sob pressão, usando humor contido para aliviar a tensão quando necessário.","Cresceu em vilas entre bosques antigos, aprendendo rastreamento e sobrevivência com guardiões locais. Após conflitos com saqueadores e criaturas da mata, desenvolveu responsabilidade com as fronteiras, aceitando missões que protegem rotas comerciais e aldeias sob risco constante.","Percepção aguçada e leitura de pistas no terreno | Movimentação silenciosa e posicionamento tático | Tiro preciso ou golpe oportuno em pontos vitais","Vanguarda Sorcerer em cenário de castelo iluminado por tochas, couro escuro com detalhes metálicos discretos, postura pronta, arco ou lâmina leve, estilo neon/arcano, luz fria em contraste com fundo âmbar."
"Luna Stormborn","Wizard","Warlock","Luna Stormborn tem cerca de 1.87m de altura, porte atlético e postura alerta. Traços marcantes nos olhos e mandíbula firme sugerem disciplina e anos de treino. Veste peças de couro reforçado e tecido escuro com detalhes rúnicos discretos, mantendo mobilidade sem perder proteção. O cabelo, bem aparado ou preso, acompanha um semblante atento, pronto para reagir em instantes.","Reservado, observador e pragmático, evita desperdícios e age com precisão. Leal ao grupo, valoriza planejamento e mantém calma sob pressão, usando humor contido para aliviar a tensão quando necessário.","Cresceu em vilas entre bosques antigos, aprendendo rastreamento e sobrevivência com guardiões locais. Após conflitos com saqueadores e criaturas da mata, desenvolveu responsabilidade com as fronteiras, aceitando missões que protegem rotas comerciais e aldeias sob risco constante.","Percepção aguçada e leitura de pistas no terreno | Movimentação silenciosa e posicionamento tático | Tiro preciso ou golpe oportuno em pontos vitais","Warlock Wizard em cenário de castelo iluminado por tochas, couro escuro com detalhes metálicos discretos, postura pronta, arco ou lâmina leve, estilo neon/arcano, luz fria em contraste com fundo âmbar."
"Kai Silverleaf","Warlock","Vanguarda","Kai Silverleaf tem cerca de 1.71m de altura, porte atlético e postura alerta. Traços marcantes nos olhos e mandíbula firme sugerem disciplina e anos de treino. Veste peças de couro reforçado e tecido escuro com detalhes rúnicos discretos, mantendo mobilidade sem perder proteção. O cabelo, bem aparado ou preso, acompanha um semblante atento, pronto para reagir em instantes.","Reservado, observador e pragmático, evita desperdícios e age com precisão. Leal ao grupo, valoriza planejamento e mantém calma sob pressão, usando humor contido para aliviar a tensão quando necessário.","Cresceu em vilas entre bosques antigos, aprendendo rastreamento e sobrevivência com guardiões locais. Após conflitos com saqueadores e criaturas da mata, desenvolveu responsabilidade com as fronteiras, aceitando missões que protegem rotas comerciais e aldeias sob risco constante.","Percepção aguçada e leitura de pistas no terreno | Movimentação silenciosa e posicionamento tático | Tiro preciso ou golpe oportuno em pontos vitais","Vanguarda Warlock em cenário de castelo iluminado por tochas, couro escuro com detalhes metálicos discretos, postura pronta, arco ou lâmina leve, estilo neon/arcano, luz fria em contraste com fundo âmbar."
"Mara Nightfall","Barbarian","Guerreiro","Mara Nightfall tem cerca de 1.67m de altura, porte atlético e postura alerta. Traços marcantes nos olhos e mandíbula firme sugerem disciplina e anos de treino. Veste peças de couro reforçado e tecido escuro com detalhes rúnicos discretos, mantendo mobilidade sem perder proteção. O cabelo, bem aparado ou preso, acompanha um semblante atento, pronto para reagir em instantes.","Reservado, observador e pragmático, evita desperdícios e age com precisão. Leal ao grupo, valoriza planejamento e mantém calma sob pressão, usando humor contido para aliviar a tensão quando necessário.","Cresceu em vilas entre bosques antigos, aprendendo rastreamento e sobrevivência com guardiões locais. Após conflitos com saqueadores e criaturas da mata, desenvolveu responsabilidade com as fronteiras, aceitando missões que protegem rotas comerciais e aldeias sob risco constante.","Percepção aguçada e leitura de pistas no terreno | Movimentação silenciosa e posicionamento tático | Tiro preciso ou golpe oportuno em pontos vitais","Guerreiro Barbarian em cenário de castelo iluminado por tochas, couro escuro com detalhes metálicos discretos, postura pronta, arco ou lâmina leve, estilo neon/arcano, luz fria em contraste com fundo âmbar."
"Orion Ashenvale","Fighter","Clérigo","Orion Ashenvale tem cerca de 1.79m de altura, porte atlético e postura alerta. Traços marcantes nos olhos e mandíbula firme sugerem disciplina e anos de treino. Veste peças de couro reforçado e tecido escuro com detalhes rúnicos discretos, mantendo mobilidade sem perder proteção. O cabelo, bem aparado ou preso, acompanha um semblante atento, pronto para reagir em instantes.","Reservado, observador e pragmático, evita desperdícios e age com precisão. Leal ao grupo, valoriza planejamento e mantém calma sob pressão, usando humor contido para aliviar a tensão quando necessário.","Cresceu em vilas entre bosques antigos, aprendendo rastreamento e sobrevivência com guardiões locais. Após conflitos com saqueadores e criaturas da mata, desenvolveu responsabilidade com as fronteiras, aceitando missões que protegem rotas comerciais e aldeias sob risco constante.","Percepção aguçada e leitura de pistas no terreno | Movimentação silenciosa e posicionamento tático | Tiro preciso ou golpe oportuno em pontos vitais","Clérigo Fighter em cenário de castelo iluminado por tochas, couro escuro com detalhes metálicos discretos, postura pronta, arco ou lâmina leve, estilo neon/arcano, luz fria em contraste com fundo âmbar."
"Selene Ironheart","Monk","Paladino","Selene Ironheart tem cerca de 1.88m de altura, porte atlético e postura alerta. Traços marcantes nos olhos e mandíbula firme sugerem disciplina e anos de treino. Veste peças de couro reforçado e tecido escuro com detalhes rúnicos discretos, mantendo mobilidade sem perder proteção. O cabelo, bem aparado ou preso, acompanha um semblante atento, pronto para reagir em instantes.","Reservado, observador e pragmático, evita desperdícios e age com precisão. Leal ao grupo, valoriza planejamento e mantém calma sob pressão, usando humor contido para aliviar a tensão quando necessário.","Cresceu em vilas entre bosques antigos, aprendendo rastreamento e sobrevivência com guardiões locais. Após conflitos com saqueadores e criaturas da mata, desenvolveu responsabilidade com as fronteiras, aceitando missões que protegem rotas comerciais e aldeias sob risco constante.","Percepção aguçada e leitura de pistas no terreno | Movimentação silenciosa e posicionamento tático | Tiro preciso ou golpe oportuno em pontos vitais","Paladino Monk em cenário de castelo iluminado por tochas, couro escuro com detalhes metálicos discretos, postura pronta, arco ou lâmina leve, estilo neon/arcano, luz fria em contraste com fundo âmbar."
"Darius Sunspire","Fighter","Clérigo","Darius Sunspire tem cerca de 1.65m de altura, porte atlético e postura alerta. Traços marcantes nos olhos e mandíbula firme sugerem disciplina e anos de treino. Veste peças de couro reforçado e tecido escuro com detalhes rúnicos discretos, mantendo mobilidade sem perder proteção. O cabelo, bem aparado ou preso, acompanha um semblante atento, pronto para reagir em instantes.","Reservado, observador e pragmático, evita desperdícios e age com precisão. Leal ao grupo, valoriza planejamento e mantém calma sob pressão, usando humor contido para aliviar a tensão quando necessário.","Cresceu em vilas entre bosques antigos, aprendendo rastreamento e sobrevivência com guardiões locais. Após conflitos com saqueadores e criaturas da mata, desenvolveu responsabilidade com as fronteiras, aceitando missões que protegem rotas comerciais e aldeias sob risco constante.","Percepção aguçada e leitura de pistas no terreno | Movimentação silenciosa e posicionamento tático | Tiro preciso ou golpe oportuno em pontos vitais","Clérigo Fighter em cenário de castelo iluminado por tochas, couro escuro com detalhes metálicos discretos, postura pronta, arco ou lâmina leve, estilo neon/arcano, luz fria em contraste com fundo âmbar."
"Aria Frostbane","Sorcerer","Rogue","Aria Frostbane tem cerca de 1.68m de altura, porte atlético e postura alerta. Traços marcantes nos olhos e mandíbula firme sugerem disciplina e anos de treino. Veste peças de couro reforçado e tecido escuro com detalhes rúnicos discretos, mantendo mobilidade sem perder proteção. O cabelo, bem aparado ou preso, acompanha um semblante atento, pronto para reagir em instantes.","Reservado, observador e pragmático, evita desperdícios e age com precisão. Leal ao grupo, valoriza planejamento e mantém calma sob pressão, usando humor contido para aliviar a tensão quando necessário.","Cresceu em vilas entre bosques antigos, aprendendo rastreamento e sobrevivência com guardiões locais. Após conflitos com saqueadores e criaturas da mata, desenvolveu responsabilidade com as fronteiras, aceitando missões que protegem rotas comerciais e aldeias sob risco constante.","Percepção aguçada e leitura de pistas no terreno | Movimentação silenciosa e posicionamento tático | Tiro preciso ou golpe oportuno em pontos vitais","Rogue Sorcerer em cenário de castelo iluminado por tochas, couro escuro com detalhes metálicos discretos, postura pronta, arco ou lâmina leve, estilo neon/arcano, luz fria em contraste com fundo âmbar."
"Riven Starcrest","Sorcerer","Vanguarda","Riven Starcrest tem cerca de 1.67m de altura, porte atlético e postura alerta. Traços marcantes nos olhos e mandíbula firme sugerem disciplina e anos de treino. Veste peças de couro reforçado e tecido escuro com detalhes rúnicos discretos, mantendo mobilidade sem perder proteção. O cabelo, bem aparado ou preso, acompanha um semblante atento, pronto para reagir em instantes.","Reservado, observador e pragmático, evita desperdícios e age com precisão. Leal ao grupo, valoriza planejamento e mantém calma sob pressão, usando humor contido para aliviar a tensão quando necessário.","Cresceu em vilas entre bosques antigos, aprendendo rastreamento e sobrevivência com guardiões locais. Após conflitos com saqueadores e criaturas da mata, desenvolveu responsabilidade com as fronteiras, aceitando missões que protegem rotas comerciais e aldeias sob risco constante.","Percepção aguçada e leitura de pistas no terreno | Movimentação silenciosa e posicionamento tático | Tiro preciso ou golpe oportuno em pontos vitais","Vanguarda Sorcerer em cenário de castelo iluminado por tochas, couro escuro com detalhes metálicos discretos, postura pronta, arco ou lâmina leve, estilo neon/arcano, luz fria em contraste com fundo âmbar."
"Nyx Shadowmere","Warlock","Monge","Nyx Shadowmere tem cerca de 1.89m de altura, porte atlético e postura alerta. Traços marcantes nos olhos e mandíbula firme sugerem disciplina e anos de treino. Veste peças de couro reforçado e tecido escuro com detalhes rúnicos discretos, mantendo mobilidade sem perder proteção. O cabelo, bem aparado ou preso, acompanha um semblante atento, pronto para reagir em instantes.","Reservado, observador e pragmático, evita desperdícios e age com precisão. Leal ao grupo, valoriza planejamento e mantém calma sob pressão, usando humor contido para aliviar a tensão quando necessário.","Cresceu em vilas entre bosques antigos, aprendendo rastreamento e sobrevivência com guardiões locais. Após conflitos com saqueadores e criaturas da mata, desenvolveu responsabilidade com as fronteiras, aceitando missões que protegem rotas comerciais e aldeias sob risco constante.","Percepção aguçada e leitura de pistas no terreno | Movimentação silenciosa e posicionamento tático | Tiro preciso ou golpe oportuno em pontos vitais","Monge Warlock em cenário de castelo iluminado por tochas, couro escuro com detalhes metálicos discretos, postura pronta, arco ou lâmina leve, estilo neon/arcano, luz fria em contraste com fundo âmbar."
"Kellan Dawnhollow","Warlock","Mago","Kellan Dawnhollow tem cerca de 1.70m de altura, porte atlético e postura alerta. Traços marcantes nos olhos e mandíbula firme sugerem disciplina e anos de treino. Veste peças de couro reforçado e tecido escuro com detalhes rúnicos discretos, mantendo mobilidade sem perder proteção. O cabelo, bem aparado ou preso, acompanha um semblante atento, pronto para reagir em instantes.","Reservado, observador e pragmático, evita desperdícios e age com precisão. Leal ao grupo, valoriza planejamento e mantém calma sob pressão, usando humor contido para aliviar a tensão quando necessário.","Cresceu em vilas entre bosques antigos, aprendendo rastreamento e sobrevivência com guardiões locais. Após conflitos com saqueadores e criaturas da mata, desenvolveu responsabilidade com as fronteiras, aceitando missões que protegem rotas comerciais e aldeias sob risco constante.","Percepção aguçada e leitura de pistas no terreno | Movimentação silenciosa e posicionamento tático | Tiro preciso ou golpe oportuno em pontos vitais","Mago Warlock em cenário de castelo iluminado por tochas, couro escuro com detalhes metálicos discretos, postura pronta, arco ou lâmina leve, estilo neon/arcano, luz fria em contraste com fundo âmbar."
"Eira Emberwild","Bard","Paladino","Eira Emberwild tem cerca de 1.79m de altura, porte atlético e postura alerta. Traços marcantes nos olhos e mandíbula firme sugerem disciplina e anos de treino. Veste peças de couro reforçado e tecido escuro com detalhes rúnicos discretos, mantendo mobilidade sem perder proteção. O cabelo, bem aparado ou preso, acompanha um semblante atento, pronto para reagir em instantes.","Reservado, observador e pragmático, evita desperdícios e age com precisão. Leal ao grupo, valoriza planejamento e mantém calma sob pressão, usando humor contido para aliviar a tensão quando necessário.","Cresceu em vilas entre bosques antigos, aprendendo rastreamento e sobrevivência com guardiões locais. Após conflitos com saqueadores e criaturas da mata, desenvolveu responsabilidade com as fronteiras, aceitando missões que protegem rotas comerciais e aldeias sob risco constante.","Percepção aguçada e leitura de pistas no terreno | Movimentação silenciosa e posicionamento tático | Tiro preciso ou golpe oportuno em pontos vitais","Paladino Bard em cenário de castelo iluminado por tochas, couro escuro com detalhes metálicos discretos, postura pronta, arco ou lâmina leve, estilo neon/arcano, luz fria em contraste com fundo âmbar."
"Thorne Rivenguard","Cleric","Vanguarda","Thorne Rivenguard tem cerca de 1.86m de altura, porte atlético e postura alerta. Traços marcantes nos olhos e mandíbula firme sugerem disciplina e anos de treino. Veste peças de couro reforçado e tecido escuro com detalhes rúnicos discretos, mantendo mobilidade sem perder proteção. O cabelo, bem aparado ou preso, acompanha um semblante atento, pronto para reagir em instantes.","Reservado, observador e pragmático, evita desperdícios e age com precisão. Leal ao grupo, valoriza planejamento e mantém calma sob pressão, usando humor contido para aliviar a tensão quando necessário.","Cresceu em vilas entre bosques antigos, aprendendo rastreamento e sobrevivência com guardiões locais. Após conflitos com saqueadores e criaturas da mata, desenvolveu responsabilidade com as fronteiras, aceitando missões que protegem rotas comerciais e aldeias sob risco constante.","Percepção aguçada e leitura de pistas no terreno | Movimentação silenciosa e posicionamento tático | Tiro preciso ou golpe oportuno em pontos vitais","Vanguarda Cleric em cenário de castelo iluminado por tochas, couro escuro com detalhes metálicos discretos, postura pronta, arco ou lâmina leve, estilo neon/arcano, luz fria em contraste com fundo âmbar."
"Lyra Moonblade","Paladin","Mago","Lyra Moonblade tem cerca de 1.85m de altura, porte atlético e postura alerta. Traços marcantes nos olhos e mandíbula firme sugerem disciplina e anos de treino. Veste peças de couro reforçado e tecido escuro com detalhes rúnicos discretos, mantendo mobilidade sem perder proteção. O cabelo, bem aparado ou preso, acompanha um semblante atento, pronto para reagir em instantes.","Reservado, observador e pragmático, evita desperdícios e age com precisão. Leal ao grupo, valoriza planejamento e mantém calma sob pressão, usando humor contido para aliviar a tensão quando necessário.","Cresceu em vilas entre bosques antigos, aprendendo rastreamento e sobrevivência com guardiões locais. Após conflitos com saqueadores e criaturas da mata, desenvolveu responsabilidade com as fronteiras, aceitando missões que protegem rotas comerciais e aldeias sob risco constante.","Percepção aguçada e leitura de pistas no terreno | Movimentação silenciosa e posicionamento tático | Tiro preciso ou golpe oportuno em pontos vitais","Mago Paladin em cenário de castelo iluminado por tochas, couro escuro com detalhes metálicos discretos, postura pronta, arco ou lâmina leve, estilo neon/arcano, luz fria em contraste com fundo âmbar."
"Cassian Skysong","Bard","Bardo","Cassian Skysong tem cerca de 1.72m de altura, porte atlético e postura alerta. Traços marcantes nos olhos e mandíbula firme sugerem disciplina e anos de treino. Veste peças de couro reforçado e tecido escuro com detalhes rúnicos discretos, mantendo mobilidade sem perder proteção. O cabelo, bem aparado ou preso, acompanha um semblante atento, pronto para reagir em instantes.","Reservado, observador e pragmático, evita desperdícios e age com precisão. Leal ao grupo, valoriza planejamento e mantém calma sob pressão, usando humor contido para aliviar a tensão quando necessário.","Cresceu em vilas entre bosques antigos, aprendendo rastreamento e sobrevivência com guardiões locais. Após conflitos com saqueadores e criaturas da mata, desenvolveu responsabilidade com as fronteiras, aceitando missões que protegem rotas comerciais e aldeias sob risco constante.","Percepção aguçada e leitura de pistas no terreno | Movimentação silenciosa e posicionamento tático | Tiro preciso ou golpe oportuno em pontos vitais","Bardo Bard em cenário de castelo iluminado por tochas, couro escuro com detalhes metálicos discretos, postura pronta, arco ou lâmina leve, estilo neon/arcano, luz fria em contraste com fundo âmbar."
"Elara Flameborn","Bard","Arqueiro","Elara Flameborn tem cerca de 1.77m de altura, porte atlético e postura alerta. Traços marcantes nos olhos e mandíbula firme sugerem disciplina e anos de treino. Veste peças de couro reforçado e tecido escuro com detalhes rúnicos discretos, mantendo mobilidade sem perder proteção. O cabelo, bem aparado ou preso, acompanha um semblante atento, pronto para reagir em instantes.","Reservado, observador e pragmático, evita desperdícios e age com precisão. Leal ao grupo, valoriza planejamento e mantém calma sob pressão, usando humor contido para aliviar a tensão quando necessário.","Cresceu em vilas entre bosques antigos, aprendendo rastreamento e sobrevivência com guardiões locais. Após conflitos com saqueadores e criaturas da mata, desenvolveu responsabilidade com as fronteiras, aceitando missões que protegem rotas comerciais e aldeias sob risco constante.","Percepção aguçada e leitura de pistas no terreno | Movimentação silenciosa e posicionamento tático | Tiro preciso ou golpe oportuno em pontos vitais","Arqueiro Bard em cenário de castelo iluminado por tochas, couro escuro com detalhes metálicos discretos, postura pronta, arco ou lâmina leve, estilo neon/arcano, luz fria em contraste com fundo âmbar."
"Rowan Mistwalker","Druid","Warlock","Rowan Mistwalker tem cerca de 1.84m de altura, porte atlético e postura alerta. Traços marcantes nos olhos e mandíbula firme sugerem disciplina e anos de treino. Veste peças de couro reforçado e tecido escuro com detalhes rúnicos discretos, mantendo mobilidade sem perder proteção. O cabelo, bem aparado ou preso, acompanha um semblante atento, pronto para reagir em instantes.","Reservado, observador e pragmático, evita desperdícios e age com precisão. Leal ao grupo, valoriza planejamento e mantém calma sob pressão, usando humor contido para aliviar a tensão quando necessário.","Cresceu em vilas entre bosques antigos, aprendendo rastreamento e sobrevivência com guardiões locais. Após conflitos com saqueadores e criaturas da mata, desenvolveu responsabilidade com as fronteiras, aceitando missões que protegem rotas comerciais e aldeias sob risco constante.","Percepção aguçada e leitura de pistas no terreno | Movimentação silenciosa e posicionamento tático | Tiro preciso ou golpe oportuno em pontos vitais","Warlock Druid em cenário de castelo iluminado por tochas, couro escuro com detalhes metálicos discretos, postura pronta, arco ou lâmina leve, estilo neon/arcano, luz fria em contraste com fundo âmbar."
"Zara Oakenshield","Monk","Feiticeiro","Zara Oakenshield tem cerca de 1.86m de altura, porte atlético e postura alerta. Traços marcantes nos olhos e mandíbula firme sugerem disciplina e anos de treino. Veste peças de couro reforçado e tecido escuro com detalhes rúnicos discretos, mantendo mobilidade sem perder proteção. O cabelo, bem aparado ou preso, acompanha um semblante atento, pronto para reagir em instantes.","Reservado, observador e pragmático, evita desperdícios e age com precisão. Leal ao grupo, valoriza planejamento e mantém calma sob pressão, usando humor contido para aliviar a tensão quando necessário.","Cresceu em vilas entre bosques antigos, aprendendo rastreamento e sobrevivência com guardiões locais. Após conflitos com saqueadores e criaturas da mata, desenvolveu responsabilidade com as fronteiras, aceitando missões que protegem rotas comerciais e aldeias sob risco constante.","Percepção aguçada e leitura de pistas no terreno | Movimentação silenciosa e posicionamento tático | Tiro preciso ou golpe oportuno em pontos vitais","Feiticeiro Monk em cenário de castelo iluminado por tochas, couro escuro com detalhes metálicos discretos, postura pronta, arco ou lâmina leve, estilo neon/arcano, luz fria em contraste com fundo âmbar."
"Drake Stonehelm","Sorcerer","Warlock","Drake Stonehelm tem cerca de 1.65m de altura, porte atlético e postura alerta. Traços marcantes nos olhos e mandíbula firme sugerem disciplina e anos de treino. Veste peças de couro reforçado e tecido escuro com detalhes rúnicos discretos, mantendo mobilidade sem perder proteção. O cabelo, bem aparado ou preso, acompanha um semblante atento, pronto para reagir em instantes.","Reservado, observador e pragmático, evita desperdícios e age com precisão. Leal ao grupo, valoriza planejamento e mantém calma sob pressão, usando humor contido para aliviar a tensão quando necessário.","Cresceu em vilas entre bosques antigos, aprendendo rastreamento e sobrevivência com guardiões locais. Após conflitos com saqueadores e criaturas da mata, desenvolveu responsabilidade com as fronteiras, aceitando missões que protegem rotas comerciais e aldeias sob risco constante.","Percepção aguçada e leitura de pistas no terreno | Movimentação silenciosa e posicionamento tático | Tiro preciso ou golpe oportuno em pontos vitais","Warlock Sorcerer em cenário de castelo iluminado por tochas, couro escuro com detalhes metálicos discretos, postura pronta, arco ou lâmina leve, estilo neon/arcano, luz fria em contraste com fundo âmbar."
"Nia Brightwind","Barbarian","Vanguarda","Nia Brightwind tem cerca de 1.71m de altura, porte atlético e postura alerta. Traços marcantes nos olhos e mandíbula firme sugerem disciplina e anos de treino. Veste peças de couro reforçado e tecido escuro com detalhes rúnicos discretos, mantendo mobilidade sem perder proteção. O cabelo, bem aparado ou preso, acompanha um semblante atento, pronto para reagir em instantes.","Reservado, observador e pragmático, evita desperdícios e age com precisão. Leal ao grupo, valoriza planejamento e mantém calma sob pressão, usando humor contido para aliviar a tensão quando necessário.","Cresceu em vilas entre bosques antigos, aprendendo rastreamento e sobrevivência com guardiões locais. Após conflitos com saqueadores e criaturas da mata, desenvolveu responsabilidade com as fronteiras, aceitando missões que protegem rotas comerciais e aldeias sob risco constante.","Percepção aguçada e leitura de pistas no terreno | Movimentação silenciosa e posicionamento tático | Tiro preciso ou golpe oportuno em pontos vitais","Vanguarda Barbarian em cenário de castelo iluminado por tochas, couro escuro com detalhes metálicos discretos, postura pronta, arco ou lâmina leve, estilo neon/arcano, luz fria em contraste com fundo âmbar."
"Aiden Blackwood","Cleric","Arqueiro","Aiden Blackwood tem cerca de 1.68m de altura, porte atlético e postura alerta. Traços marcantes nos olhos e mandíbula firme sugerem disciplina e anos de treino. Veste peças de couro reforçado e tecido escuro com detalhes rúnicos discretos, mantendo mobilidade sem perder proteção. O cabelo, bem aparado ou preso, acompanha um semblante atento, pronto para reagir em instantes.","Reservado, observador e pragmático, evita desperdícios e age com precisão. Leal ao grupo, valoriza planejamento e mantém calma sob pressão, usando humor contido para aliviar a tensão quando necessário.","Cresceu em vilas entre bosques antigos, aprendendo rastreamento e sobrevivência com guardiões locais. Após conflitos com saqueadores e criaturas da mata, desenvolveu responsabilidade com as fronteiras, aceitando missões que protegem rotas comerciais e aldeias sob risco constante.","Percepção aguçada e leitura de pistas no terreno | Movimentação silenciosa e posicionamento tático | Tiro preciso ou golpe oportuno em pontos vitais","Arqueiro Cleric em cenário de castelo iluminado por tochas, couro escuro com detalhes metálicos discretos, postura pronta, arco ou lâmina leve, estilo neon/arcano, luz fria em contraste com fundo âmbar."
"Luna Stormborn","Ranger","Guardião","Luna Stormborn tem cerca de 1.93m de altura, porte atlético e postura alerta. Traços marcantes nos olhos e mandíbula firme sugerem disciplina e anos de treino. Veste peças de couro reforçado e tecido escuro com detalhes rúnicos discretos, mantendo mobilidade sem perder proteção. O cabelo, bem aparado ou preso, acompanha um semblante atento, pronto para reagir em instantes.","Reservado, observador e pragmático, evita desperdícios e age com precisão. Leal ao grupo, valoriza planejamento e mantém calma sob pressão, usando humor contido para aliviar a tensão quando necessário.","Cresceu em vilas entre bosques antigos, aprendendo rastreamento e sobrevivência com guardiões locais. Após conflitos com saqueadores e criaturas da mata, desenvolveu responsabilidade com as fronteiras, aceitando missões que protegem rotas comerciais e aldeias sob risco constante.","Percepção aguçada e leitura de pistas no terreno | Movimentação silenciosa e posicionamento tático | Tiro preciso ou golpe oportuno em pontos vitais","Guardião Ranger em cenário de castelo iluminado por tochas, couro escuro com detalhes metálicos discretos, postura pronta, arco ou lâmina leve, estilo neon/arcano, luz fria em contraste com fundo âmbar."
"Kai Silverleaf","Monk","Monge","Kai Silverleaf tem cerca de 1.65m de altura, porte atlético e postura alerta. Traços marcantes nos olhos e mandíbula firme sugerem disciplina e anos de treino. Veste peças de couro reforçado e tecido escuro com detalhes rúnicos discretos, mantendo mobilidade sem perder proteção. O cabelo, bem aparado ou preso, acompanha um semblante atento, pronto para reagir em instantes.","Reservado, observador e pragmático, evita desperdícios e age com precisão. Leal ao grupo, valoriza planejamento e mantém calma sob pressão, usando humor contido para aliviar a tensão quando necessário.","Cresceu em vilas entre bosques antigos, aprendendo rastreamento e sobrevivência com guardiões locais. Após conflitos com saqueadores e criaturas da mata, desenvolveu responsabilidade com as fronteiras, aceitando missões que protegem rotas comerciais e aldeias sob risco constante.","Percepção aguçada e leitura de pistas no terreno | Movimentação silenciosa e posicionamento tático | Tiro preciso ou golpe oportuno em pontos vitais","Monge Monk em cenário de castelo iluminado por tochas, couro escuro com detalhes metálicos discretos, postura pronta, arco ou lâmina leve, estilo neon/arcano, luz fria em contraste com fundo âmbar."
"Mara Nightfall","Sorcerer","Feiticeiro","Mara Nightfall tem cerca de 1.78m de altura, porte atlético e postura alerta. Traços marcantes nos olhos e mandíbula firme sugerem disciplina e anos de treino. Veste peças de couro reforçado e tecido escuro com detalhes rúnicos discretos, mantendo mobilidade sem perder proteção. O cabelo, bem aparado ou preso, acompanha um semblante atento, pronto para reagir em instantes.","Reservado, observador e pragmático, evita desperdícios e age com precisão. Leal ao grupo, valoriza planejamento e mantém calma sob pressão, usando humor contido para aliviar a tensão quando necessário.","Cresceu em vilas entre bosques antigos, aprendendo rastreamento e sobrevivência com guardiões locais. Após conflitos com saqueadores e criaturas da mata, desenvolveu responsabilidade com as fronteiras, aceitando missões que protegem rotas comerciais e aldeias sob risco constante.","Percepção aguçada e leitura de pistas no terreno | Movimentação silenciosa e posicionamento tático | Tiro preciso ou golpe oportuno em pontos vitais","Feiticeiro Sorcerer em cenário de castelo iluminado por tochas, couro escuro com detalhes metálicos discretos, postura pronta, arco ou lâmina leve, estilo neon/arcano, luz fria em contraste com fundo âmbar."
"Orion Ashenvale","Warlock","Arqueiro","Orion Ashenvale tem cerca de 1.69m de altura, porte atlético e postura alerta. Traços marcantes nos olhos e mandíbula firme sugerem disciplina e anos de treino. Veste peças de couro reforçado e tecido escuro com detalhes rúnicos discretos, mantendo mobilidade sem perder proteção. O cabelo, bem aparado ou preso, acompanha um semblante atento, pronto para reagir em instantes.","Reservado, observador e pragmático, evita desperdícios e age com precisão. Leal ao grupo, valoriza planejamento e mantém calma sob pressão, usando humor contido para aliviar a tensão quando necessário.","Cresceu em vilas entre bosques antigos, aprendendo rastreamento e sobrevivência com guardiões locais. Após conflitos com saqueadores e criaturas da mata, desenvolveu responsabilidade com as fronteiras, aceitando missões que protegem rotas comerciais e aldeias sob risco constante.","Percepção aguçada e leitura de pistas no terreno | Movimentação silenciosa e posicionamento tático | Tiro preciso ou golpe oportuno em pontos vitais","Arqueiro Warlock em cenário de castelo iluminado por tochas, couro escuro com detalhes metálicos discretos, postura pronta, arco ou lâmina leve, estilo neon/arcano, luz fria em contraste com fundo âmbar."
"Selene Ironheart","Sorcerer","Alquimista","Selene Ironheart tem cerca de 1.91m de altura, porte atlético e postura alerta. Traços marcantes nos olhos e mandíbula firme sugerem disciplina e anos de treino. Veste peças de couro reforçado e tecido escuro com detalhes rúnicos discretos, mantendo mobilidade sem perder proteção. O cabelo, bem aparado ou preso, acompanha um semblante atento, pronto para reagir em instantes.","Reservado, observador e pragmático, evita desperdícios e age com precisão. Leal ao grupo, valoriza planejamento e mantém calma sob pressão, usando humor contido para aliviar a tensão quando necessário.","Cresceu em vilas entre bosques antigos, aprendendo rastreamento e sobrevivência com guardiões locais. Após conflitos com saqueadores e criaturas da mata, desenvolveu responsabilidade com as fronteiras, aceitando missões que protegem rotas comerciais e aldeias sob risco constante.","Percepção aguçada e leitura de pistas no terreno | Movimentação silenciosa e posicionamento tático | Tiro preciso ou golpe oportuno em pontos vitais","Alquimista Sorcerer em cenário de castelo iluminado por tochas, couro escuro com detalhes metálicos discretos, postura pronta, arco ou lâmina leve, estilo neon/arcano, luz fria em contraste com fundo âmbar."
"Darius Sunspire","Cleric","Paladino","Darius Sunspire tem cerca de 1.73m de altura, porte atlético e postura alerta. Traços marcantes nos olhos e mandíbula firme sugerem disciplina e anos de treino. Veste peças de couro reforçado e tecido escuro com detalhes rúnicos discretos, mantendo mobilidade sem perder proteção. O cabelo, bem aparado ou preso, acompanha um semblante atento, pronto para reagir em instantes.","Reservado, observador e pragmático, evita desperdícios e age com precisão. Leal ao grupo, valoriza planejamento e mantém calma sob pressão, usando humor contido para aliviar a tensão quando necessário.","Cresceu em vilas entre bosques antigos, aprendendo rastreamento e sobrevivência com guardiões locais. Após conflitos com saqueadores e criaturas da mata, desenvolveu responsabilidade com as fronteiras, aceitando missões que protegem rotas comerciais e aldeias sob risco constante.","Percepção aguçada e leitura de pistas no terreno | Movimentação silenciosa e posicionamento tático | Tiro preciso ou golpe oportuno em pontos vitais","Paladino Cleric em cenário de castelo iluminado por tochas, couro escuro com detalhes metálicos discretos, postura pronta, arco ou lâmina leve, estilo neon/arcano, luz fria em contraste com fundo âmbar."
"Aria Frostbane","Wizard","Mago","Aria Frostbane tem cerca de 1.65m de altura, porte atlético e postura alerta. Traços marcantes nos olhos e mandíbula firme sugerem disciplina e anos de treino. Veste peças de couro reforçado e tecido escuro com detalhes rúnicos discretos, mantendo mobilidade sem perder proteção. O cabelo, bem aparado ou preso, acompanha um semblante atento, pronto para reagir em instantes.","Reservado, observador e pragmático, evita desperdícios e age com precisão. Leal ao grupo, valoriza planejamento e mantém calma sob pressão, usando humor contido para aliviar a tensão quando necessário.","Cresceu em vilas entre bosques antigos, aprendendo rastreamento e sobrevivência com guardiões locais. Após conflitos com saqueadores e criaturas da mata, desenvolveu responsabilidade com as fronteiras, aceitando missões que protegem rotas comerciais e aldeias sob risco constante.","Percepção aguçada e leitura de pistas no terreno | Movimentação silenciosa e posicionamento tático | Tiro preciso ou golpe oportuno em pontos vitais","Mago Wizard em cenário de castelo iluminado por tochas, couro escuro com detalhes metálicos discretos, postura pronta, arco ou lâmina leve, estilo neon/arcano, luz fria em contraste com fundo âmbar."
"Riven Starcrest","Bard","Guerreiro","Riven Starcrest tem cerca de 1.81m de altura, porte atlético e postura alerta. Traços marcantes nos olhos e mandíbula firme sugerem disciplina e anos de treino. Veste peças de couro reforçado e tecido escuro com detalhes rúnicos discretos, mantendo mobilidade sem perder proteção. O cabelo, bem aparado ou preso, acompanha um semblante atento, pronto para reagir em instantes.","Reservado, observador e pragmático, evita desperdícios e age com precisão. Leal ao grupo, valoriza planejamento e mantém calma sob pressão, usando humor contido para aliviar a tensão quando necessário.","Cresceu em vilas entre bosques antigos, aprendendo rastreamento e sobrevivência com guardiões locais. Após conflitos com saqueadores e criaturas da mata, desenvolveu responsabilidade com as fronteiras, aceitando missões que protegem rotas comerciais e aldeias sob risco constante.","Percepção aguçada e leitura de pistas no terreno | Movimentação silenciosa e posicionamento tático | Tiro preciso ou golpe oportuno em pontos vitais","Guerreiro Bard em cenário de castelo iluminado por tochas, couro escuro com detalhes metálicos discretos, postura pronta, arco ou lâmina leve, estilo neon/arcano, luz fria em contraste com fundo âmbar."
"Nyx Shadowmere","Wizard","Vanguarda","Nyx Shadowmere tem cerca de 1.76m de altura, porte atlético e postura alerta. Traços marcantes nos olhos e mandíbula firme sugerem disciplina e anos de treino. Veste peças de couro reforçado e tecido escuro com detalhes rúnicos discretos, mantendo mobilidade sem perder proteção. O cabelo, bem aparado ou preso, acompanha um semblante atento, pronto para reagir em instantes.","Reservado, observador e pragmático, evita desperdícios e age com precisão. Leal ao grupo, valoriza planejamento e mantém calma sob pressão, usando humor contido para aliviar a tensão quando necessário.","Cresceu em vilas entre bosques antigos, aprendendo rastreamento e sobrevivência com guardiões locais. Após conflitos com saqueadores e criaturas da mata, desenvolveu responsabilidade com as fronteiras, aceitando missões que protegem rotas comerciais e aldeias sob risco constante.","Percepção aguçada e leitura de pistas no terreno | Movimentação silenciosa e posicionamento tático | Tiro preciso ou golpe oportuno em pontos vitais","Vanguarda Wizard em cenário de castelo iluminado por tochas, couro escuro com detalhes metálicos discretos, postura pronta, arco ou lâmina leve, estilo neon/arcano, luz fria em contraste com fundo âmbar."
"Kellan Dawnhollow","Druid","Clérigo","Kellan Dawnhollow tem cerca de 1.79m de altura, porte atlético e postura alerta. Traços marcantes nos olhos e mandíbula firme sugerem disciplina e anos de treino. Veste peças de couro reforçado e tecido escuro com detalhes rúnicos discretos, mantendo mobilidade sem perder proteção. O cabelo, bem aparado ou preso, acompanha um semblante atento, pronto para reagir em instantes.","Reservado, observador e pragmático, evita desperdícios e age com precisão. Leal ao grupo, valoriza planejamento e mantém calma sob pressão, usando humor contido para aliviar a tensão quando necessário.","Cresceu em vilas entre bosques antigos, aprendendo rastreamento e sobrevivência com guardiões locais. Após conflitos com saqueadores e criaturas da mata, desenvolveu responsabilidade com as fronteiras, aceitando missões que protegem rotas comerciais e aldeias sob risco constante.","Percepção aguçada e leitura de pistas no terreno | Movimentação silenciosa e posicionamento tático | Tiro preciso ou golpe oportuno em pontos vitais","Clérigo Druid em cenário de castelo iluminado por tochas, couro escuro com detalhes metálicos discretos, postura pronta, arco ou lâmina leve, estilo neon/arcano, luz fria em contraste com fundo âmbar."
"Eira Emberwild","Monk","Bardo","Eira Emberwild tem cerca de 1.70m de altura, porte atlético e postura alerta. Traços marcantes nos olhos e mandíbula firme sugerem disciplina e anos de treino. Veste peças de couro reforçado e tecido escuro com detalhes rúnicos discretos, mantendo mobilidade sem perder proteção. O cabelo, bem aparado ou preso, acompanha um semblante atento, pronto para reagir em instantes.","Reservado, observador e pragmático, evita desperdícios e age com precisão. Leal ao grupo, valoriza planejamento e mantém calma sob pressão, usando humor contido para aliviar a tensão quando necessário.","Cresceu em vilas entre bosques antigos, aprendendo rastreamento e sobrevivência com guardiões locais. Após conflitos com saqueadores e criaturas da mata, desenvolveu responsabilidade com as fronteiras, aceitando missões que protegem rotas comerciais e aldeias sob risco constante.","Percepção aguçada e leitura de pistas no terreno | Movimentação silenciosa e posicionamento tático | Tiro preciso ou golpe oportuno em pontos vitais","Bardo Monk em cenário de castelo iluminado por tochas, couro escuro com detalhes metálicos discretos, postura pronta, arco ou lâmina leve, estilo neon/arcano, luz fria em contraste com fundo âmbar."
"Thorne Rivenguard","Rogue","Bardo","Thorne Rivenguard tem cerca de 1.88m de altura, porte atlético e postura alerta. Traços marcantes nos olhos e mandíbula firme sugerem disciplina e anos de treino. Veste peças de couro reforçado e tecido escuro com detalhes rúnicos discretos, mantendo mobilidade sem perder proteção. O cabelo, bem aparado ou preso, acompanha um semblante atento, pronto para reagir em instantes.","Reservado, observador e pragmático, evita desperdícios e age com precisão. Leal ao grupo, valoriza planejamento e mantém calma sob pressão, usando humor contido para aliviar a tensão quando necessário.","Cresceu em vilas entre bosques antigos, aprendendo rastreamento e sobrevivência com guardiões locais. Após conflitos com saqueadores e criaturas da mata, desenvolveu responsabilidade com as fronteiras, aceitando missões que protegem rotas comerciais e aldeias sob risco constante.","Percepção aguçada e leitura de pistas no terreno | Movimentação silenciosa e posicionamento tático | Tiro preciso ou golpe oportuno em pontos vitais","Bardo Rogue em cenário de castelo iluminado por tochas, couro escuro com detalhes metálicos discretos, postura pronta, arco ou lâmina leve, estilo neon/arcano, luz fria em contraste com fundo âmbar."
"Lyra Moonblade","Sorcerer","Bardo","Lyra Moonblade tem cerca de 1.66m de altura, porte atlético e postura alerta. Traços marcantes nos olhos e mandíbula firme sugerem disciplina e anos de treino. Veste peças de couro reforçado e tecido escuro com detalhes rúnicos discretos, mantendo mobilidade sem perder proteção. O cabelo, bem aparado ou preso, acompanha um semblante atento, pronto para reagir em instantes.","Reservado, observador e pragmático, evita desperdícios e age com precisão. Leal ao grupo, valoriza planejamento e mantém calma sob pressão, usando humor contido para aliviar a tensão quando necessário.","Cresceu em vilas entre bosques antigos, aprendendo rastreamento e sobrevivência com guardiões locais. Após conflitos com saqueadores e criaturas da mata, desenvolveu responsabilidade com as fronteiras, aceitando missões que protegem rotas comerciais e aldeias sob risco constante.","Percepção aguçada e leitura de pistas no terreno | Movimentação silenciosa e posicionamento tático | Tiro preciso ou golpe oportuno em pontos vitais","Bardo Sorcerer em cenário de castelo iluminado por tochas, couro escuro com detalhes metálicos discretos, postura pronta, arco ou lâmina leve, estilo neon/arcano, luz fria em contraste com fundo âmbar."
"Cassian Skysong","Paladin","Mago","Cassian Skysong tem cerca de 1.68m de altura, porte atlético e postura alerta. Traços marcantes nos olhos e mandíbula firme sugerem disciplina e anos de treino. Veste peças de couro reforçado e tecido escuro com detalhes rúnicos discretos, mantendo mobilidade sem perder proteção. O cabelo, bem aparado ou preso, acompanha um semblante atento, pronto para reagir em instantes.","Reservado, observador e pragmático, evita desperdícios e age com precisão. Leal ao grupo, valoriza planejamento e mantém calma sob pressão, usando humor contido para aliviar a tensão quando necessário.","Cresceu em vilas entre bosques antigos, aprendendo rastreamento e sobrevivência com guardiões locais. Após conflitos com saqueadores e criaturas da mata, desenvolveu responsabilidade com as fronteiras, aceitando missões que protegem rotas comerciais e aldeias sob risco constante.","Percepção aguçada e leitura de pistas no terreno | Movimentação silenciosa e posicionamento tático | Tiro preciso ou golpe oportuno em pontos vitais","Mago Paladin em cenário de castelo iluminado por tochas, couro escuro com detalhes metálicos discretos, postura pronta, arco ou lâmina leve, estilo neon/arcano, luz fria em contraste com fundo âmbar."
"Elara Flameborn","Monk","Arqueiro","Elara Flameborn tem cerca de 1.74m de altura, porte atlético e postura alerta. Traços marcantes nos olhos e mandíbula firme sugerem disciplina e anos de treino. Veste peças de couro reforçado e tecido escuro com detalhes rúnicos discretos, mantendo mobilidade sem perder proteção. O cabelo, bem aparado ou preso, acompanha um semblante atento, pronto para reagir em instantes.","Reservado, observador e pragmático, evita desperdícios e age com precisão. Leal ao grupo, valoriza planejamento e mantém calma sob pressão, usando humor contido para aliviar a tensão quando necessário.","Cresceu em vilas entre bosques antigos, aprendendo rastreamento e sobrevivência com guardiões locais. Após conflitos com saqueadores e criaturas da mata, desenvolveu responsabilidade com as fronteiras, aceitando missões que protegem rotas comerciais e aldeias sob risco constante.","Percepção aguçada e leitura de pistas no terreno | Movimentação silenciosa e posicionamento tático | Tiro preciso ou golpe oportuno em pontos vitais","Arqueiro Monk em cenário de castelo iluminado por tochas, couro escuro com detalhes metálicos discretos, postura pronta, arco ou lâmina leve, estilo neon/arcano, luz fria em contraste com fundo âmbar."
"Rowan Mistwalker","Barbarian","Druida","Rowan Mistwalker tem cerca de 1.79m de altura, porte atlético e postura alerta. Traços marcantes nos olhos e mandíbula firme sugerem disciplina e anos de treino. Veste peças de couro reforçado e tecido escuro com detalhes rúnicos discretos, mantendo mobilidade sem perder proteção. O cabelo, bem aparado ou preso, acompanha um semblante atento, pronto para reagir em instantes.","Reservado, observador e pragmático, evita desperdícios e age com precisão. Leal ao grupo, valoriza planejamento e mantém calma sob pressão, usando humor contido para aliviar a tensão quando necessário.","Cresceu em vilas entre bosques antigos, aprendendo rastreamento e sobrevivência com guardiões locais. Após conflitos com saqueadores e criaturas da mata, desenvolveu responsabilidade com as fronteiras, aceitando missões que protegem rotas comerciais e aldeias sob risco constante.","Percepção aguçada e leitura de pistas no terreno | Movimentação silenciosa e posicionamento tático | Tiro preciso ou golpe oportuno em pontos vitais","Druida Barbarian em cenário de castelo iluminado por tochas, couro escuro com detalhes metálicos discretos, postura pronta, arco ou lâmina leve, estilo neon/arcano, luz fria em contraste com fundo âmbar."
"Zara Oakenshield","Wizard","Arqueiro","Zara Oakenshield tem cerca de 1.67m de altura, porte atlético e postura alerta. Traços marcantes nos olhos e mandíbula firme sugerem disciplina e anos de treino. Veste peças de couro reforçado e tecido escuro com detalhes rúnicos discretos, mantendo mobilidade sem perder proteção. O cabelo, bem aparado ou preso, acompanha um semblante atento, pronto para reagir em instantes.","Reservado, observador e pragmático, evita desperdícios e age com precisão. Leal ao grupo, valoriza planejamento e mantém calma sob pressão, usando humor contido para aliviar a tensão quando necessário.","Cresceu em vilas entre bosques antigos, aprendendo rastreamento e sobrevivência com guardiões locais. Após conflitos com saqueadores e criaturas da mata, desenvolveu responsabilidade com as fronteiras, aceitando missões que protegem rotas comerciais e aldeias sob risco constante.","Percepção aguçada e leitura de pistas no terreno | Movimentação silenciosa e posicionamento tático | Tiro preciso ou golpe oportuno em pontos vitais","Arqueiro Wizard em cenário de castelo iluminado por tochas, couro escuro com detalhes metálicos discretos, postura pronta, arco ou lâmina leve, estilo neon/arcano, luz fria em contraste com fundo âmbar."
"Drake Stonehelm","Warlock","Arqueiro","Drake Stonehelm tem cerca de 1.79m de altura, porte atlético e postura alerta. Traços marcantes nos olhos e mandíbula firme sugerem disciplina e anos de treino. Veste peças de couro reforçado e tecido escuro com detalhes rúnicos discretos, mantendo mobilidade sem perder proteção. O cabelo, bem aparado ou preso, acompanha um semblante atento, pronto para reagir em instantes.","Reservado, observador e pragmático, evita desperdícios e age com precisão. Leal ao grupo, valoriza planejamento e mantém calma sob pressão, usando humor contido para aliviar a tensão quando necessário.","Cresceu em vilas entre bosques antigos, aprendendo rastreamento e sobrevivência com guardiões locais. Após conflitos com saqueadores e criaturas da mata, desenvolveu responsabilidade com as fronteiras, aceitando missões que protegem rotas comerciais e aldeias sob risco constante.","Percepção aguçada e leitura de pistas no terreno | Movimentação silenciosa e posicionamento tático | Tiro preciso ou golpe oportuno em pontos vitais","Arqueiro Warlock em cenário de castelo iluminado por tochas, couro escuro com detalhes metálicos discretos, postura pronta, arco ou lâmina leve, estilo neon/arcano, luz fria em contraste com fundo âmbar."
"Nia Brightwind","Monk","Ranger","Nia Brightwind tem cerca de 1.65m de altura, porte atlético e postura alerta. Traços marcantes nos olhos e mandíbula firme sugerem disciplina e anos de treino. Veste peças de couro reforçado e tecido escuro com detalhes rúnicos discretos, mantendo mobilidade sem perder proteção. O cabelo, bem aparado ou preso, acompanha um semblante atento, pronto para reagir em instantes.","Reservado, observador e pragmático, evita desperdícios e age com precisão. Leal ao grupo, valoriza planejamento e mantém calma sob pressão, usando humor contido para aliviar a tensão quando necessário.","Cresceu em vilas entre bosques antigos, aprendendo rastreamento e sobrevivência com guardiões locais. Após conflitos com saqueadores e criaturas da mata, desenvolveu responsabilidade com as fronteiras, aceitando missões que protegem rotas comerciais e aldeias sob risco constante.","Percepção aguçada e leitura de pistas no terreno | Movimentação silenciosa e posicionamento tático | Tiro preciso ou golpe oportuno em pontos vitais","Ranger Monk em cenário de castelo iluminado por tochas, couro escuro com detalhes metálicos discretos, postura pronta, arco ou lâmina leve, estilo neon/arcano, luz fria em contraste com fundo âmbar."
"Aiden Blackwood","Druid","Druida","Aiden Blackwood tem cerca de 1.82m de altura, porte atlético e postura alerta. Traços marcantes nos olhos e mandíbula firme sugerem disciplina e anos de treino. Veste peças de couro reforçado e tecido escuro com detalhes rúnicos discretos, mantendo mobilidade sem perder proteção. O cabelo, bem aparado ou preso, acompanha um semblante atento, pronto para reagir em instantes.","Reservado, observador e pragmático, evita desperdícios e age com precisão. Leal ao grupo, valoriza planejamento e mantém calma sob pressão, usando humor contido para aliviar a tensão quando necessário.","Cresceu em vilas entre bosques antigos, aprendendo rastreamento e sobrevivência com guardiões locais. Após conflitos com saqueadores e criaturas da mata, desenvolveu responsabilidade com as fronteiras, aceitando missões que protegem rotas comerciais e aldeias sob risco constante.","Percepção aguçada e leitura de pistas no terreno | Movimentação silenciosa e posicionamento tático | Tiro preciso ou golpe oportuno em pontos vitais","Druida Druid em cenário de castelo iluminado por tochas, couro escuro com detalhes metálicos discretos, postura pronta, arco ou lâmina leve, estilo neon/arcano, luz fria em contraste com fundo âmbar."
"Luna Stormborn","Rogue","Warlock","Luna Stormborn tem cerca de 1.66m de altura, porte atlético e postura alerta. Traços marcantes nos olhos e mandíbula firme sugerem disciplina e anos de treino. Veste peças de couro reforçado e tecido escuro com detalhes rúnicos discretos, mantendo mobilidade sem perder proteção. O cabelo, bem aparado ou preso, acompanha um semblante atento, pronto para reagir em instantes.","Reservado, observador e pragmático, evita desperdícios e age com precisão. Leal ao grupo, valoriza planejamento e mantém calma sob pressão, usando humor contido para aliviar a tensão quando necessário.","Cresceu em vilas entre bosques antigos, aprendendo rastreamento e sobrevivência com guardiões locais. Após conflitos com saqueadores e criaturas da mata, desenvolveu responsabilidade com as fronteiras, aceitando missões que protegem rotas comerciais e aldeias sob risco constante.","Percepção aguçada e leitura de pistas no terreno | Movimentação silenciosa e posicionamento tático | Tiro preciso ou golpe oportuno em pontos vitais","Warlock Rogue em cenário de castelo iluminado por tochas, couro escuro com detalhes metálicos discretos, postura pronta, arco ou lâmina leve, estilo neon/arcano, luz fria em contraste com fundo âmbar."
"Kai Silverleaf","Warlock","Mago","Kai Silverleaf tem cerca de 1.94m de altura, porte atlético e postura alerta. Traços marcantes nos olhos e mandíbula firme sugerem disciplina e anos de treino. Veste peças de couro reforçado e tecido escuro com detalhes rúnicos discretos, mantendo mobilidade sem perder proteção. O cabelo, bem aparado ou preso, acompanha um semblante atento, pronto para reagir em instantes.","Reservado, observador e pragmático, evita desperdícios e age com precisão. Leal ao grupo, valoriza planejamento e mantém calma sob pressão, usando humor contido para aliviar a tensão quando necessário.","Cresceu em vilas entre bosques antigos, aprendendo rastreamento e sobrevivência com guardiões locais. Após conflitos com saqueadores e criaturas da mata, desenvolveu responsabilidade com as fronteiras, aceitando missões que protegem rotas comerciais e aldeias sob risco constante.","Percepção aguçada e leitura de pistas no terreno | Movimentação silenciosa e posicionamento tático | Tiro preciso ou golpe oportuno em pontos vitais","Mago Warlock em cenário de castelo iluminado por tochas, couro escuro com detalhes metálicos discretos, postura pronta, arco ou lâmina leve, estilo neon/arcano, luz fria em contraste com fundo âmbar."
"Mara Nightfall","Barbarian","Clérigo","Mara Nightfall tem cerca de 1.70m de altura, porte atlético e postura alerta. Traços marcantes nos olhos e mandíbula firme sugerem disciplina e anos de treino. Veste peças de couro reforçado e tecido escuro com detalhes rúnicos discretos, mantendo mobilidade sem perder proteção. O cabelo, bem aparado ou preso, acompanha um semblante atento, pronto para reagir em instantes.","Reservado, observador e pragmático, evita desperdícios e age com precisão. Leal ao grupo, valoriza planejamento e mantém calma sob pressão, usando humor contido para aliviar a tensão quando necessário.","Cresceu em vilas entre bosques antigos, aprendendo rastreamento e sobrevivência com guardiões locais. Após conflitos com saqueadores e criaturas da mata, desenvolveu responsabilidade com as fronteiras, aceitando missões que protegem rotas comerciais e aldeias sob risco constante.","Percepção aguçada e leitura de pistas no terreno | Movimentação silenciosa e posicionamento tático | Tiro preciso ou golpe oportuno em pontos vitais","Clérigo Barbarian em cenário de castelo iluminado por tochas, couro escuro com detalhes metálicos discretos, postura pronta, arco ou lâmina leve, estilo neon/arcano, luz fria em contraste com fundo âmbar."
"Orion Ashenvale","Monk","Ranger","Orion Ashenvale tem cerca de 1.68m de altura, porte atlético e postura alerta. Traços marcantes nos olhos e mandíbula firme sugerem disciplina e anos de treino. Veste peças de couro reforçado e tecido escuro com detalhes rúnicos discretos, mantendo mobilidade sem perder proteção. O cabelo, bem aparado ou preso, acompanha um semblante atento, pronto para reagir em instantes.","Reservado, observador e pragmático, evita desperdícios e age com precisão. Leal ao grupo, valoriza planejamento e mantém calma sob pressão, usando humor contido para aliviar a tensão quando necessário.","Cresceu em vilas entre bosques antigos, aprendendo rastreamento e sobrevivência com guardiões locais. Após conflitos com saqueadores e criaturas da mata, desenvolveu responsabilidade com as fronteiras, aceitando missões que protegem rotas comerciais e aldeias sob risco constante.","Percepção aguçada e leitura de pistas no terreno | Movimentação silenciosa e posicionamento tático | Tiro preciso ou golpe oportuno em pontos vitais","Ranger Monk em cenário de castelo iluminado por tochas, couro escuro com detalhes metálicos discretos, postura pronta, arco ou lâmina leve, estilo neon/arcano, luz fria em contraste com fundo âmbar."
"Selene Ironheart","Cleric","Bardo","Selene Ironheart tem cerca de 1.70m de altura, porte atlético e postura alerta. Traços marcantes nos olhos e mandíbula firme sugerem disciplina e anos de treino. Veste peças de couro reforçado e tecido escuro com detalhes rúnicos discretos, mantendo mobilidade sem perder proteção. O cabelo, bem aparado ou preso, acompanha um semblante atento, pronto para reagir em instantes.","Reservado, observador e pragmático, evita desperdícios e age com precisão. Leal ao grupo, valoriza planejamento e mantém calma sob pressão, usando humor contido para aliviar a tensão quando necessário.","Cresceu em vilas entre bosques antigos, aprendendo rastreamento e sobrevivência com guardiões locais. Após conflitos com saqueadores e criaturas da mata, desenvolveu responsabilidade com as fronteiras, aceitando missões que protegem rotas comerciais e aldeias sob risco constante.","Percepção aguçada e leitura de pistas no terreno | Movimentação silenciosa e posicionamento tático | Tiro preciso ou golpe oportuno em pontos vitais","Bardo Cleric em cenário de castelo iluminado por tochas, couro escuro com detalhes metálicos discretos, postura pronta, arco ou lâmina leve, estilo neon/arcano, luz fria em contraste com fundo âmbar."
"Darius Sunspire","Ranger","Rogue","Darius Sunspire tem cerca de 1.92m de altura, porte atlético e postura alerta. Traços marcantes nos olhos e mandíbula firme sugerem disciplina e anos de treino. Veste peças de couro reforçado e tecido escuro com detalhes rúnicos discretos, mantendo mobilidade sem perder proteção. O cabelo, bem aparado ou preso, acompanha um semblante atento, pronto para reagir em instantes.","Reservado, observador e pragmático, evita desperdícios e age com precisão. Leal ao grupo, valoriza planejamento e mantém calma sob pressão, usando humor contido para aliviar a tensão quando necessário.","Cresceu em vilas entre bosques antigos, aprendendo rastreamento e sobrevivência com guardiões locais. Após conflitos com saqueadores e criaturas da mata, desenvolveu responsabilidade com as fronteiras, aceitando missões que protegem rotas comerciais e aldeias sob risco constante.","Percepção aguçada e leitura de pistas no terreno | Movimentação silenciosa e posicionamento tático | Tiro preciso ou golpe oportuno em pontos vitais","Rogue Ranger em cenário de castelo iluminado por tochas, couro escuro com detalhes metálicos discretos, postura pronta, arco ou lâmina leve, estilo neon/arcano, luz fria em contraste com fundo âmbar."
"Aria Frostbane","Monk","Arqueiro","Aria Frostbane tem cerca de 1.65m de altura, porte atlético e postura alerta. Traços marcantes nos olhos e mandíbula firme sugerem disciplina e anos de treino. Veste peças de couro reforçado e tecido escuro com detalhes rúnicos discretos, mantendo mobilidade sem perder proteção. O cabelo, bem aparado ou preso, acompanha um semblante atento, pronto para reagir em instantes.","Reservado, observador e pragmático, evita desperdícios e age com precisão. Leal ao grupo, valoriza planejamento e mantém calma sob pressão, usando humor contido para aliviar a tensão quando necessário.","Cresceu em vilas entre bosques antigos, aprendendo rastreamento e sobrevivência com guardiões locais. Após conflitos com saqueadores e criaturas da mata, desenvolveu responsabilidade com as fronteiras, aceitando missões que protegem rotas comerciais e aldeias sob risco constante.","Percepção aguçada e leitura de pistas no terreno | Movimentação silenciosa e posicionamento tático | Tiro preciso ou golpe oportuno em pontos vitais","Arqueiro Monk em cenário de castelo iluminado por tochas, couro escuro com detalhes metálicos discretos, postura pronta, arco ou lâmina leve, estilo neon/arcano, luz fria em contraste com fundo âmbar."
"Riven Starcrest","Rogue","Vanguarda","Riven Starcrest tem cerca de 1.90m de altura, porte atlético e postura alerta. Traços marcantes nos olhos e mandíbula firme sugerem disciplina e anos de treino. Veste peças de couro reforçado e tecido escuro com detalhes rúnicos discretos, mantendo mobilidade sem perder proteção. O cabelo, bem aparado ou preso, acompanha um semblante atento, pronto para reagir em instantes.","Reservado, observador e pragmático, evita desperdícios e age com precisão. Leal ao grupo, valoriza planejamento e mantém calma sob pressão, usando humor contido para aliviar a tensão quando necessário.","Cresceu em vilas entre bosques antigos, aprendendo rastreamento e sobrevivência com guardiões locais. Após conflitos com saqueadores e criaturas da mata, desenvolveu responsabilidade com as fronteiras, aceitando missões que protegem rotas comerciais e aldeias sob risco constante.","Percepção aguçada e leitura de pistas no terreno | Movimentação silenciosa e posicionamento tático | Tiro preciso ou golpe oportuno em pontos vitais","Vanguarda Rogue em cenário de castelo iluminado por tochas, couro escuro com detalhes metálicos discretos, postura pronta, arco ou lâmina leve, estilo neon/arcano, luz fria em contraste com fundo âmbar."
"Nyx Shadowmere","Paladin","Ranger","Nyx Shadowmere tem cerca de 1.91m de altura, porte atlético e postura alerta. Traços marcantes nos olhos e mandíbula firme sugerem disciplina e anos de treino. Veste peças de couro reforçado e tecido escuro com detalhes rúnicos discretos, mantendo mobilidade sem perder proteção. O cabelo, bem aparado ou preso, acompanha um semblante atento, pronto para reagir em instantes.","Reservado, observador e pragmático, evita desperdícios e age com precisão. Leal ao grupo, valoriza planejamento e mantém calma sob pressão, usando humor contido para aliviar a tensão quando necessário.","Cresceu em vilas entre bosques antigos, aprendendo rastreamento e sobrevivência com guardiões locais. Após conflitos com saqueadores e criaturas da mata, desenvolveu responsabilidade com as fronteiras, aceitando missões que protegem rotas comerciais e aldeias sob risco constante.","Percepção aguçada e leitura de pistas no terreno | Movimentação silenciosa e posicionamento tático | Tiro preciso ou golpe oportuno em pontos vitais","Ranger Paladin em cenário de castelo iluminado por tochas, couro escuro com detalhes metálicos discretos, postura pronta, arco ou lâmina leve, estilo neon/arcano, luz fria em contraste com fundo âmbar."
"Kellan Dawnhollow","Ranger","Arqueiro","Kellan Dawnhollow tem cerca de 1.66m de altura, porte atlético e postura alerta. Traços marcantes nos olhos e mandíbula firme sugerem disciplina e anos de treino. Veste peças de couro reforçado e tecido escuro com detalhes rúnicos discretos, mantendo mobilidade sem perder proteção. O cabelo, bem aparado ou preso, acompanha um semblante atento, pronto para reagir em instantes.","Reservado, observador e pragmático, evita desperdícios e age com precisão. Leal ao grupo, valoriza planejamento e mantém calma sob pressão, usando humor contido para aliviar a tensão quando necessário.","Cresceu em vilas entre bosques antigos, aprendendo rastreamento e sobrevivência com guardiões locais. Após conflitos com saqueadores e criaturas da mata, desenvolveu responsabilidade com as fronteiras, aceitando missões que protegem rotas comerciais e aldeias sob risco constante.","Percepção aguçada e leitura de pistas no terreno | Movimentação silenciosa e posicionamento tático | Tiro preciso ou golpe oportuno em pontos vitais","Arqueiro Ranger em cenário de castelo iluminado por tochas, couro escuro com detalhes metálicos discretos, postura pronta, arco ou lâmina leve, estilo neon/arcano, luz fria em contraste com fundo âmbar."
"Eira Emberwild","Ranger","Feiticeiro","Eira Emberwild tem cerca de 1.77m de altura, porte atlético e postura alerta. Traços marcantes nos olhos e mandíbula firme sugerem disciplina e anos de treino. Veste peças de couro reforçado e tecido escuro com detalhes rúnicos discretos, mantendo mobilidade sem perder proteção. O cabelo, bem aparado ou preso, acompanha um semblante atento, pronto para reagir em instantes.","Reservado, observador e pragmático, evita desperdícios e age com precisão. Leal ao grupo, valoriza planejamento e mantém calma sob pressão, usando humor contido para aliviar a tensão quando necessário.","Cresceu em vilas entre bosques antigos, aprendendo rastreamento e sobrevivência com guardiões locais. Após conflitos com saqueadores e criaturas da mata, desenvolveu responsabilidade com as fronteiras, aceitando missões que protegem rotas comerciais e aldeias sob risco constante.","Percepção aguçada e leitura de pistas no terreno | Movimentação silenciosa e posicionamento tático | Tiro preciso ou golpe oportuno em pontos vitais","Feiticeiro Ranger em cenário de castelo iluminado por tochas, couro escuro com detalhes metálicos discretos, postura pronta, arco ou lâmina leve, estilo neon/arcano, luz fria em contraste com fundo âmbar."
"Thorne Rivenguard","Wizard","Ranger","Thorne Rivenguard tem cerca de 1.88m de altura, porte atlético e postura alerta. Traços marcantes nos olhos e mandíbula firme sugerem disciplina e anos de treino. Veste peças de couro reforçado e tecido escuro com detalhes rúnicos discretos, mantendo mobilidade sem perder proteção. O cabelo, bem aparado ou preso, acompanha um semblante atento, pronto para reagir em instantes.","Reservado, observador e pragmático, evita desperdícios e age com precisão. Leal ao grupo, valoriza planejamento e mantém calma sob pressão, usando humor contido para aliviar a tensão quando necessário.","Cresceu em vilas entre bosques antigos, aprendendo rastreamento e sobrevivência com guardiões locais. Após conflitos com saqueadores e criaturas da mata, desenvolveu responsabilidade com as fronteiras, aceitando missões que protegem rotas comerciais e aldeias sob risco constante.","Percepção aguçada e leitura de pistas no terreno | Movimentação silenciosa e posicionamento tático | Tiro preciso ou golpe oportuno em pontos vitais","Ranger Wizard em cenário de castelo iluminado por tochas, couro escuro com detalhes metálicos discretos, postura pronta, arco ou lâmina leve, estilo neon/arcano, luz fria em contraste com fundo âmbar."
"Lyra Moonblade","Druid","Mago","Lyra Moonblade tem cerca de 1.70m de altura, porte atlético e postura alerta. Traços marcantes nos olhos e mandíbula firme sugerem disciplina e anos de treino. Veste peças de couro reforçado e tecido escuro com detalhes rúnicos discretos, mantendo mobilidade sem perder proteção. O cabelo, bem aparado ou preso, acompanha um semblante atento, pronto para reagir em instantes.","Reservado, observador e pragmático, evita desperdícios e age com precisão. Leal ao grupo, valoriza planejamento e mantém calma sob pressão, usando humor contido para aliviar a tensão quando necessário.","Cresceu em vilas entre bosques antigos, aprendendo rastreamento e sobrevivência com guardiões locais. Após conflitos com saqueadores e criaturas da mata, desenvolveu responsabilidade com as fronteiras, aceitando missões que protegem rotas comerciais e aldeias sob risco constante.","Percepção aguçada e leitura de pistas no terreno | Movimentação silenciosa e posicionamento tático | Tiro preciso ou golpe oportuno em pontos vitais","Mago Druid em cenário de castelo iluminado por tochas, couro escuro com detalhes metálicos discretos, postura pronta, arco ou lâmina leve, estilo neon/arcano, luz fria em contraste com fundo âmbar."
"Cassian Skysong","Wizard","Arqueiro","Cassian Skysong tem cerca de 1.90m de altura, porte atlético e postura alerta. Traços marcantes nos olhos e mandíbula firme sugerem disciplina e anos de treino. Veste peças de couro reforçado e tecido escuro com detalhes rúnicos discretos, mantendo mobilidade sem perder proteção. O cabelo, bem aparado ou preso, acompanha um semblante atento, pronto para reagir em instantes.","Reservado, observador e pragmático, evita desperdícios e age com precisão. Leal ao grupo, valoriza planejamento e mantém calma sob pressão, usando humor contido para aliviar a tensão quando necessário.","Cresceu em vilas entre bosques antigos, aprendendo rastreamento e sobrevivência com guardiões locais. Após conflitos com saqueadores e criaturas da mata, desenvolveu responsabilidade com as fronteiras, aceitando missões que protegem rotas comerciais e aldeias sob risco constante.","Percepção aguçada e leitura de pistas no terreno | Movimentação silenciosa e posicionamento tático | Tiro preciso ou golpe oportuno em pontos vitais","Arqueiro Wizard em cenário de castelo iluminado por tochas, couro escuro com detalhes metálicos discretos, postura pronta, arco ou lâmina leve, estilo neon/arcano, luz fria em contraste com fundo âmbar."
"Elara Flameborn","Rogue","Arqueiro","Elara Flameborn tem cerca de 1.73m de altura, porte atlético e postura alerta. Traços marcantes nos olhos e mandíbula firme sugerem disciplina e anos de treino. Veste peças de couro reforçado e tecido escuro com detalhes rúnicos discretos, mantendo mobilidade sem perder proteção. O cabelo, bem aparado ou preso, acompanha um semblante atento, pronto para reagir em instantes.","Reservado, observador e pragmático, evita desperdícios e age com precisão. Leal ao grupo, valoriza planejamento e mantém calma sob pressão, usando humor contido para aliviar a tensão quando necessário.","Cresceu em vilas entre bosques antigos, aprendendo rastreamento e sobrevivência com guardiões locais. Após conflitos com saqueadores e criaturas da mata, desenvolveu responsabilidade com as fronteiras, aceitando missões que protegem rotas comerciais e aldeias sob risco constante.","Percepção aguçada e leitura de pistas no terreno | Movimentação silenciosa e posicionamento tático | Tiro preciso ou golpe oportuno em pontos vitais","Arqueiro Rogue em cenário de castelo iluminado por tochas, couro escuro com detalhes metálicos discretos, postura pronta, arco ou lâmina leve, estilo neon/arcano, luz fria em contraste com fundo âmbar."
"Rowan Mistwalker","Bard","Feiticeiro","Rowan Mistwalker tem cerca de 1.91m de altura, porte atlético e postura alerta. Traços marcantes nos olhos e mandíbula firme sugerem disciplina e anos de treino. Veste peças de couro reforçado e tecido escuro com detalhes rúnicos discretos, mantendo mobilidade sem perder proteção. O cabelo, bem aparado ou preso, acompanha um semblante atento, pronto para reagir em instantes.","Reservado, observador e pragmático, evita desperdícios e age com precisão. Leal ao grupo, valoriza planejamento e mantém calma sob pressão, usando humor contido para aliviar a tensão quando necessário.","Cresceu em vilas entre bosques antigos, aprendendo rastreamento e sobrevivência com guardiões locais. Após conflitos com saqueadores e criaturas da mata, desenvolveu responsabilidade com as fronteiras, aceitando missões que protegem rotas comerciais e aldeias sob risco constante.","Percepção aguçada e leitura de pistas no terreno | Movimentação silenciosa e posicionamento tático | Tiro preciso ou golpe oportuno em pontos vitais","Feiticeiro Bard em cenário de castelo iluminado por tochas, couro escuro com detalhes metálicos discretos, postura pronta, arco ou lâmina leve, estilo neon/arcano, luz fria em contraste com fundo âmbar."
"Zara Oakenshield","Monk","Clérigo","Zara Oakenshield tem cerca de 1.82m de altura, porte atlético e postura alerta. Traços marcantes nos olhos e mandíbula firme sugerem disciplina e anos de treino. Veste peças de couro reforçado e tecido escuro com detalhes rúnicos discretos, mantendo mobilidade sem perder proteção. O cabelo, bem aparado ou preso, acompanha um semblante atento, pronto para reagir em instantes.","Reservado, observador e pragmático, evita desperdícios e age com precisão. Leal ao grupo, valoriza planejamento e mantém calma sob pressão, usando humor contido para aliviar a tensão quando necessário.","Cresceu em vilas entre bosques antigos, aprendendo rastreamento e sobrevivência com guardiões locais. Após conflitos com saqueadores e criaturas da mata, desenvolveu responsabilidade com as fronteiras, aceitando missões que protegem rotas comerciais e aldeias sob risco constante.","Percepção aguçada e leitura de pistas no terreno | Movimentação silenciosa e posicionamento tático | Tiro preciso ou golpe oportuno em pontos vitais","Clérigo Monk em cenário de castelo iluminado por tochas, couro escuro com detalhes metálicos discretos, postura pronta, arco ou lâmina leve, estilo neon/arcano, luz fria em contraste com fundo âmbar."
"Drake Stonehelm","Wizard","Arqueiro","Drake Stonehelm tem cerca de 1.79m de altura, porte atlético e postura alerta. Traços marcantes nos olhos e mandíbula firme sugerem disciplina e anos de treino. Veste peças de couro reforçado e tecido escuro com detalhes rúnicos discretos, mantendo mobilidade sem perder proteção. O cabelo, bem aparado ou preso, acompanha um semblante atento, pronto para reagir em instantes.","Reservado, observador e pragmático, evita desperdícios e age com precisão. Leal ao grupo, valoriza planejamento e mantém calma sob pressão, usando humor contido para aliviar a tensão quando necessário.","Cresceu em vilas entre bosques antigos, aprendendo rastreamento e sobrevivência com guardiões locais. Após conflitos com saqueadores e criaturas da mata, desenvolveu responsabilidade com as fronteiras, aceitando missões que protegem rotas comerciais e aldeias sob risco constante.","Percepção aguçada e leitura de pistas no terreno | Movimentação silenciosa e posicionamento tático | Tiro preciso ou golpe oportuno em pontos vitais","Arqueiro Wizard em cenário de castelo iluminado por tochas, couro escuro com detalhes metálicos discretos, postura pronta, arco ou lâmina leve, estilo neon/arcano, luz fria em contraste com fundo âmbar."
"Nia Brightwind","Wizard","Bardo","Nia Brightwind tem cerca de 1.82m de altura, porte atlético e postura alerta. Traços marcantes nos olhos e mandíbula firme sugerem disciplina e anos de treino. Veste peças de couro reforçado e tecido escuro com detalhes rúnicos discretos, mantendo mobilidade sem perder proteção. O cabelo, bem aparado ou preso, acompanha um semblante atento, pronto para reagir em instantes.","Reservado, observador e pragmático, evita desperdícios e age com precisão. Leal ao grupo, valoriza planejamento e mantém calma sob pressão, usando humor contido para aliviar a tensão quando necessário.","Cresceu em vilas entre bosques antigos, aprendendo rastreamento e sobrevivência com guardiões locais. Após conflitos com saqueadores e criaturas da mata, desenvolveu responsabilidade com as fronteiras, aceitando missões que protegem rotas comerciais e aldeias sob risco constante.","Percepção aguçada e leitura de pistas no terreno | Movimentação silenciosa e posicionamento tático | Tiro preciso ou golpe oportuno em pontos vitais","Bardo Wizard em cenário de castelo iluminado por tochas, couro escuro com detalhes metálicos discretos, postura pronta, arco ou lâmina leve, estilo neon/arcano, luz fria em contraste com fundo âmbar."
"Aiden Blackwood","Paladin","Ranger","Aiden Blackwood tem cerca de 1.82m de altura, porte atlético e postura alerta. Traços marcantes nos olhos e mandíbula firme sugerem disciplina e anos de treino. Veste peças de couro reforçado e tecido escuro com detalhes rúnicos discretos, mantendo mobilidade sem perder proteção. O cabelo, bem aparado ou preso, acompanha um semblante atento, pronto para reagir em instantes.","Reservado, observador e pragmático, evita desperdícios e age com precisão. Leal ao grupo, valoriza planejamento e mantém calma sob pressão, usando humor contido para aliviar a tensão quando necessário.","Cresceu em vilas entre bosques antigos, aprendendo rastreamento e sobrevivência com guardiões locais. Após conflitos com saqueadores e criaturas da mata, desenvolveu responsabilidade com as fronteiras, aceitando missões que protegem rotas comerciais e aldeias sob risco constante.","Percepção aguçada e leitura de pistas no terreno | Movimentação silenciosa e posicionamento tático | Tiro preciso ou golpe oportuno em pontos vitais","Ranger Paladin em cenário de castelo iluminado por tochas, couro escuro com detalhes metálicos discretos, postura pronta, arco ou lâmina leve, estilo neon/arcano, luz fria em contraste com fundo âmbar."
"Luna Stormborn","Cleric","Arqueiro","Luna Stormborn tem cerca de 1.85m de altura, porte atlético e postura alerta. Traços marcantes nos olhos e mandíbula firme sugerem disciplina e anos de treino. Veste peças de couro reforçado e tecido escuro com detalhes rúnicos discretos, mantendo mobilidade sem perder proteção. O cabelo, bem aparado ou preso, acompanha um semblante atento, pronto para reagir em instantes.","Reservado, observador e pragmático, evita desperdícios e age com precisão. Leal ao grupo, valoriza planejamento e mantém calma sob pressão, usando humor contido para aliviar a tensão quando necessário.","Cresceu em vilas entre bosques antigos, aprendendo rastreamento e sobrevivência com guardiões locais. Após conflitos com saqueadores e criaturas da mata, desenvolveu responsabilidade com as fronteiras, aceitando missões que protegem rotas comerciais e aldeias sob risco constante.","Percepção aguçada e leitura de pistas no terreno | Movimentação silenciosa e posicionamento tático | Tiro preciso ou golpe oportuno em pontos vitais","Arqueiro Cleric em cenário de castelo iluminado por tochas, couro escuro com detalhes metálicos discretos, postura pronta, arco ou lâmina leve, estilo neon/arcano, luz fria em contraste com fundo âmbar."
"Kai Silverleaf","Cleric","Vanguarda","Kai Silverleaf tem cerca de 1.77m de altura, porte atlético e postura alerta. Traços marcantes nos olhos e mandíbula firme sugerem disciplina e anos de treino. Veste peças de couro reforçado e tecido escuro com detalhes rúnicos discretos, mantendo mobilidade sem perder proteção. O cabelo, bem aparado ou preso, acompanha um semblante atento, pronto para reagir em instantes.","Reservado, observador e pragmático, evita desperdícios e age com precisão. Leal ao grupo, valoriza planejamento e mantém calma sob pressão, usando humor contido para aliviar a tensão quando necessário.","Cresceu em vilas entre bosques antigos, aprendendo rastreamento e sobrevivência com guardiões locais. Após conflitos com saqueadores e criaturas da mata, desenvolveu responsabilidade com as fronteiras, aceitando missões que protegem rotas comerciais e aldeias sob risco constante.","Percepção aguçada e leitura de pistas no terreno | Movimentação silenciosa e posicionamento tático | Tiro preciso ou golpe oportuno em pontos vitais","Vanguarda Cleric em cenário de castelo iluminado por tochas, couro escuro com detalhes metálicos discretos, postura pronta, arco ou lâmina leve, estilo neon/arcano, luz fria em contraste com fundo âmbar."
"Mara Nightfall","Sorcerer","Paladino","Mara Nightfall tem cerca de 1.72m de altura, porte atlético e postura alerta. Traços marcantes nos olhos e mandíbula firme sugerem disciplina e anos de treino. Veste peças de couro reforçado e tecido escuro com detalhes rúnicos discretos, mantendo mobilidade sem perder proteção. O cabelo, bem aparado ou preso, acompanha um semblante atento, pronto para reagir em instantes.","Reservado, observador e pragmático, evita desperdícios e age com precisão. Leal ao grupo, valoriza planejamento e mantém calma sob pressão, usando humor contido para aliviar a tensão quando necessário.","Cresceu em vilas entre bosques antigos, aprendendo rastreamento e sobrevivência com guardiões locais. Após conflitos com saqueadores e criaturas da mata, desenvolveu responsabilidade com as fronteiras, aceitando missões que protegem rotas comerciais e aldeias sob risco constante.","Percepção aguçada e leitura de pistas no terreno | Movimentação silenciosa e posicionamento tático | Tiro preciso ou golpe oportuno em pontos vitais","Paladino Sorcerer em cenário de castelo iluminado por tochas, couro escuro com detalhes metálicos discretos, postura pronta, arco ou lâmina leve, estilo neon/arcano, luz fria em contraste com fundo âmbar."
"Orion Ashenvale","Rogue","Arqueiro","Orion Ashenvale tem cerca de 1.66m de altura, porte atlético e postura alerta. Traços marcantes nos olhos e mandíbula firme sugerem disciplina e anos de treino. Veste peças de couro reforçado e tecido escuro com detalhes rúnicos discretos, mantendo mobilidade sem perder proteção. O cabelo, bem aparado ou preso, acompanha um semblante atento, pronto para reagir em instantes.","Reservado, observador e pragmático, evita desperdícios e age com precisão. Leal ao grupo, valoriza planejamento e mantém calma sob pressão, usando humor contido para aliviar a tensão quando necessário.","Cresceu em vilas entre bosques antigos, aprendendo rastreamento e sobrevivência com guardiões locais. Após conflitos com saqueadores e criaturas da mata, desenvolveu responsabilidade com as fronteiras, aceitando missões que protegem rotas comerciais e aldeias sob risco constante.","Percepção aguçada e leitura de pistas no terreno | Movimentação silenciosa e posicionamento tático | Tiro preciso ou golpe oportuno em pontos vitais","Arqueiro Rogue em cenário de castelo iluminado por tochas, couro escuro com detalhes metálicos discretos, postura pronta, arco ou lâmina leve, estilo neon/arcano, luz fria em contraste com fundo âmbar."
"Selene Ironheart","Rogue","Bardo","Selene Ironheart tem cerca de 1.80m de altura, porte atlético e postura alerta. Traços marcantes nos olhos e mandíbula firme sugerem disciplina e anos de treino. Veste peças de couro reforçado e tecido escuro com detalhes rúnicos discretos, mantendo mobilidade sem perder proteção. O cabelo, bem aparado ou preso, acompanha um semblante atento, pronto para reagir em instantes.","Reservado, observador e pragmático, evita desperdícios e age com precisão. Leal ao grupo, valoriza planejamento e mantém calma sob pressão, usando humor contido para aliviar a tensão quando necessário.","Cresceu em vilas entre bosques antigos, aprendendo rastreamento e sobrevivência com guardiões locais. Após conflitos com saqueadores e criaturas da mata, desenvolveu responsabilidade com as fronteiras, aceitando missões que protegem rotas comerciais e aldeias sob risco constante.","Percepção aguçada e leitura de pistas no terreno | Movimentação silenciosa e posicionamento tático | Tiro preciso ou golpe oportuno em pontos vitais","Bardo Rogue em cenário de castelo iluminado por tochas, couro escuro com detalhes metálicos discretos, postura pronta, arco ou lâmina leve, estilo neon/arcano, luz fria em contraste com fundo âmbar."
"Darius Sunspire","Monk","Clérigo","Darius Sunspire tem cerca de 1.82m de altura, porte atlético e postura alerta. Traços marcantes nos olhos e mandíbula firme sugerem disciplina e anos de treino. Veste peças de couro reforçado e tecido escuro com detalhes rúnicos discretos, mantendo mobilidade sem perder proteção. O cabelo, bem aparado ou preso, acompanha um semblante atento, pronto para reagir em instantes.","Reservado, observador e pragmático, evita desperdícios e age com precisão. Leal ao grupo, valoriza planejamento e mantém calma sob pressão, usando humor contido para aliviar a tensão quando necessário.","Cresceu em vilas entre bosques antigos, aprendendo rastreamento e sobrevivência com guardiões locais. Após conflitos com saqueadores e criaturas da mata, desenvolveu responsabilidade com as fronteiras, aceitando missões que protegem rotas comerciais e aldeias sob risco constante.","Percepção aguçada e leitura de pistas no terreno | Movimentação silenciosa e posicionamento tático | Tiro preciso ou golpe oportuno em pontos vitais","Clérigo Monk em cenário de castelo iluminado por tochas, couro escuro com detalhes metálicos discretos, postura pronta, arco ou lâmina leve, estilo neon/arcano, luz fria em contraste com fundo âmbar."
"Aria Frostbane","Rogue","Monge","Aria Frostbane tem cerca de 1.77m de altura, porte atlético e postura alerta. Traços marcantes nos olhos e mandíbula firme sugerem disciplina e anos de treino. Veste peças de couro reforçado e tecido escuro com detalhes rúnicos discretos, mantendo mobilidade sem perder proteção. O cabelo, bem aparado ou preso, acompanha um semblante atento, pronto para reagir em instantes.","Reservado, observador e pragmático, evita desperdícios e age com precisão. Leal ao grupo, valoriza planejamento e mantém calma sob pressão, usando humor contido para aliviar a tensão quando necessário.","Cresceu em vilas entre bosques antigos, aprendendo rastreamento e sobrevivência com guardiões locais. Após conflitos com saqueadores e criaturas da mata, desenvolveu responsabilidade com as fronteiras, aceitando missões que protegem rotas comerciais e aldeias sob risco constante.","Percepção aguçada e leitura de pistas no terreno | Movimentação silenciosa e posicionamento tático | Tiro preciso ou golpe oportuno em pontos vitais","Monge Rogue em cenário de castelo iluminado por tochas, couro escuro com detalhes metálicos discretos, postura pronta, arco ou lâmina leve, estilo neon/arcano, luz fria em contraste com fundo âmbar."
"Riven Starcrest","Paladin","Guerreiro","Riven Starcrest tem cerca de 1.72m de altura, porte atlético e postura alerta. Traços marcantes nos olhos e mandíbula firme sugerem disciplina e anos de treino. Veste peças de couro reforçado e tecido escuro com detalhes rúnicos discretos, mantendo mobilidade sem perder proteção. O cabelo, bem aparado ou preso, acompanha um semblante atento, pronto para reagir em instantes.","Reservado, observador e pragmático, evita desperdícios e age com precisão. Leal ao grupo, valoriza planejamento e mantém calma sob pressão, usando humor contido para aliviar a tensão quando necessário.","Cresceu em vilas entre bosques antigos, aprendendo rastreamento e sobrevivência com guardiões locais. Após conflitos com saqueadores e criaturas da mata, desenvolveu responsabilidade com as fronteiras, aceitando missões que protegem rotas comerciais e aldeias sob risco constante.","Percepção aguçada e leitura de pistas no terreno | Movimentação silenciosa e posicionamento tático | Tiro preciso ou golpe oportuno em pontos vitais","Guerreiro Paladin em cenário de castelo iluminado por tochas, couro escuro com detalhes metálicos discretos, postura pronta, arco ou lâmina leve, estilo neon/arcano, luz fria em contraste com fundo âmbar."
"Nyx Shadowmere","Wizard","Druida","Nyx Shadowmere tem cerca de 1.88m de altura, porte atlético e postura alerta. Traços marcantes nos olhos e mandíbula firme sugerem disciplina e anos de treino. Veste peças de couro reforçado e tecido escuro com detalhes rúnicos discretos, mantendo mobilidade sem perder proteção. O cabelo, bem aparado ou preso, acompanha um semblante atento, pronto para reagir em instantes.","Reservado, observador e pragmático, evita desperdícios e age com precisão. Leal ao grupo, valoriza planejamento e mantém calma sob pressão, usando humor contido para aliviar a tensão quando necessário.","Cresceu em vilas entre bosques antigos, aprendendo rastreamento e sobrevivência com guardiões locais. Após conflitos com saqueadores e criaturas da mata, desenvolveu responsabilidade com as fronteiras, aceitando missões que protegem rotas comerciais e aldeias sob risco constante.","Percepção aguçada e leitura de pistas no terreno | Movimentação silenciosa e posicionamento tático | Tiro preciso ou golpe oportuno em pontos vitais","Druida Wizard em cenário de castelo iluminado por tochas, couro escuro com detalhes metálicos discretos, postura pronta, arco ou lâmina leve, estilo neon/arcano, luz fria em contraste com fundo âmbar."
"Kellan Dawnhollow","Fighter","Bardo","Kellan Dawnhollow tem cerca de 1.80m de altura, porte atlético e postura alerta. Traços marcantes nos olhos e mandíbula firme sugerem disciplina e anos de treino. Veste peças de couro reforçado e tecido escuro com detalhes rúnicos discretos, mantendo mobilidade sem perder proteção. O cabelo, bem aparado ou preso, acompanha um semblante atento, pronto para reagir em instantes.","Reservado, observador e pragmático, evita desperdícios e age com precisão. Leal ao grupo, valoriza planejamento e mantém calma sob pressão, usando humor contido para aliviar a tensão quando necessário.","Cresceu em vilas entre bosques antigos, aprendendo rastreamento e sobrevivência com guardiões locais. Após conflitos com saqueadores e criaturas da mata, desenvolveu responsabilidade com as fronteiras, aceitando missões que protegem rotas comerciais e aldeias sob risco constante.","Percepção aguçada e leitura de pistas no terreno | Movimentação silenciosa e posicionamento tático | Tiro preciso ou golpe oportuno em pontos vitais","Bardo Fighter em cenário de castelo iluminado por tochas, couro escuro com detalhes metálicos discretos, postura pronta, arco ou lâmina leve, estilo neon/arcano, luz fria em contraste com fundo âmbar."
"Eira Emberwild","Sorcerer","Clérigo","Eira Emberwild tem cerca de 1.73m de altura, porte atlético e postura alerta. Traços marcantes nos olhos e mandíbula firme sugerem disciplina e anos de treino. Veste peças de couro reforçado e tecido escuro com detalhes rúnicos discretos, mantendo mobilidade sem perder proteção. O cabelo, bem aparado ou preso, acompanha um semblante atento, pronto para reagir em instantes.","Reservado, observador e pragmático, evita desperdícios e age com precisão. Leal ao grupo, valoriza planejamento e mantém calma sob pressão, usando humor contido para aliviar a tensão quando necessário.","Cresceu em vilas entre bosques antigos, aprendendo rastreamento e sobrevivência com guardiões locais. Após conflitos com saqueadores e criaturas da mata, desenvolveu responsabilidade com as fronteiras, aceitando missões que protegem rotas comerciais e aldeias sob risco constante.","Percepção aguçada e leitura de pistas no terreno | Movimentação silenciosa e posicionamento tático | Tiro preciso ou golpe oportuno em pontos vitais","Clérigo Sorcerer em cenário de castelo iluminado por tochas, couro escuro com detalhes metálicos discretos, postura pronta, arco ou lâmina leve, estilo neon/arcano, luz fria em contraste com fundo âmbar."
"Thorne Rivenguard","Ranger","Rogue","Thorne Rivenguard tem cerca de 1.69m de altura, porte atlético e postura alerta. Traços marcantes nos olhos e mandíbula firme sugerem disciplina e anos de treino. Veste peças de couro reforçado e tecido escuro com detalhes rúnicos discretos, mantendo mobilidade sem perder proteção. O cabelo, bem aparado ou preso, acompanha um semblante atento, pronto para reagir em instantes.","Reservado, observador e pragmático, evita desperdícios e age com precisão. Leal ao grupo, valoriza planejamento e mantém calma sob pressão, usando humor contido para aliviar a tensão quando necessário.","Cresceu em vilas entre bosques antigos, aprendendo rastreamento e sobrevivência com guardiões locais. Após conflitos com saqueadores e criaturas da mata, desenvolveu responsabilidade com as fronteiras, aceitando missões que protegem rotas comerciais e aldeias sob risco constante.","Percepção aguçada e leitura de pistas no terreno | Movimentação silenciosa e posicionamento tático | Tiro preciso ou golpe oportuno em pontos vitais","Rogue Ranger em cenário de castelo iluminado por tochas, couro escuro com detalhes metálicos discretos, postura pronta, arco ou lâmina leve, estilo neon/arcano, luz fria em contraste com fundo âmbar."
"Lyra Moonblade","Bard","Guardião","Lyra Moonblade tem cerca de 1.78m de altura, porte atlético e postura alerta. Traços marcantes nos olhos e mandíbula firme sugerem disciplina e anos de treino. Veste peças de couro reforçado e tecido escuro com detalhes rúnicos discretos, mantendo mobilidade sem perder proteção. O cabelo, bem aparado ou preso, acompanha um semblante atento, pronto para reagir em instantes.","Reservado, observador e pragmático, evita desperdícios e age com precisão. Leal ao grupo, valoriza planejamento e mantém calma sob pressão, usando humor contido para aliviar a tensão quando necessário.","Cresceu em vilas entre bosques antigos, aprendendo rastreamento e sobrevivência com guardiões locais. Após conflitos com saqueadores e criaturas da mata, desenvolveu responsabilidade com as fronteiras, aceitando missões que protegem rotas comerciais e aldeias sob risco constante.","Percepção aguçada e leitura de pistas no terreno | Movimentação silenciosa e posicionamento tático | Tiro preciso ou golpe oportuno em pontos vitais","Guardião Bard em cenário de castelo iluminado por tochas, couro escuro com detalhes metálicos discretos, postura pronta, arco ou lâmina leve, estilo neon/arcano, luz fria em contraste com fundo âmbar."
"Cassian Skysong","Cleric","Monge","Cassian Skysong tem cerca de 1.82m de altura, porte atlético e postura alerta. Traços marcantes nos olhos e mandíbula firme sugerem disciplina e anos de treino. Veste peças de couro reforçado e tecido escuro com detalhes rúnicos discretos, mantendo mobilidade sem perder proteção. O cabelo, bem aparado ou preso, acompanha um semblante atento, pronto para reagir em instantes.","Reservado, observador e pragmático, evita desperdícios e age com precisão. Leal ao grupo, valoriza planejamento e mantém calma sob pressão, usando humor contido para aliviar a tensão quando necessário.","Cresceu em vilas entre bosques antigos, aprendendo rastreamento e sobrevivência com guardiões locais. Após conflitos com saqueadores e criaturas da mata, desenvolveu responsabilidade com as fronteiras, aceitando missões que protegem rotas comerciais e aldeias sob risco constante.","Percepção aguçada e leitura de pistas no terreno | Movimentação silenciosa e posicionamento tático | Tiro preciso ou golpe oportuno em pontos vitais","Monge Cleric em cenário de castelo iluminado por tochas, couro escuro com detalhes metálicos discretos, postura pronta, arco ou lâmina leve, estilo neon/arcano, luz fria em contraste com fundo âmbar."
"Elara Flameborn","Sorcerer","Alquimista","Elara Flameborn tem cerca de 1.82m de altura, porte atlético e postura alerta. Traços marcantes nos olhos e mandíbula firme sugerem disciplina e anos de treino. Veste peças de couro reforçado e tecido escuro com detalhes rúnicos discretos, mantendo mobilidade sem perder proteção. O cabelo, bem aparado ou preso, acompanha um semblante atento, pronto para reagir em instantes.","Reservado, observador e pragmático, evita desperdícios e age com precisão. Leal ao grupo, valoriza planejamento e mantém calma sob pressão, usando humor contido para aliviar a tensão quando necessário.","Cresceu em vilas entre bosques antigos, aprendendo rastreamento e sobrevivência com guardiões locais. Após conflitos com saqueadores e criaturas da mata, desenvolveu responsabilidade com as fronteiras, aceitando missões que protegem rotas comerciais e aldeias sob risco constante.","Percepção aguçada e leitura de pistas no terreno | Movimentação silenciosa e posicionamento tático | Tiro preciso ou golpe oportuno em pontos vitais","Alquimista Sorcerer em cenário de castelo iluminado por tochas, couro escuro com detalhes metálicos discretos, postura pronta, arco ou lâmina leve, estilo neon/arcano, luz fria em contraste com fundo âmbar."
"Rowan Mistwalker","Warlock","Vanguarda","Rowan Mistwalker tem cerca de 1.85m de altura, porte atlético e postura alerta. Traços marcantes nos olhos e mandíbula firme sugerem disciplina e anos de treino. Veste peças de couro reforçado e tecido escuro com detalhes rúnicos discretos, mantendo mobilidade sem perder proteção. O cabelo, bem aparado ou preso, acompanha um semblante atento, pronto para reagir em instantes.","Reservado, observador e pragmático, evita desperdícios e age com precisão. Leal ao grupo, valoriza planejamento e mantém calma sob pressão, usando humor contido para aliviar a tensão quando necessário.","Cresceu em vilas entre bosques antigos, aprendendo rastreamento e sobrevivência com guardiões locais. Após conflitos com saqueadores e criaturas da mata, desenvolveu responsabilidade com as fronteiras, aceitando missões que protegem rotas comerciais e aldeias sob risco constante.","Percepção aguçada e leitura de pistas no terreno | Movimentação silenciosa e posicionamento tático | Tiro preciso ou golpe oportuno em pontos vitais","Vanguarda Warlock em cenário de castelo iluminado por tochas, couro escuro com detalhes metálicos discretos, postura pronta, arco ou lâmina leve, estilo neon/arcano, luz fria em contraste com fundo âmbar."
"Zara Oakenshield","Monk","Warlock","Zara Oakenshield tem cerca de 1.65m de altura, porte atlético e postura alerta. Traços marcantes nos olhos e mandíbula firme sugerem disciplina e anos de treino. Veste peças de couro reforçado e tecido escuro com detalhes rúnicos discretos, mantendo mobilidade sem perder proteção. O cabelo, bem aparado ou preso, acompanha um semblante atento, pronto para reagir em instantes.","Reservado, observador e pragmático, evita desperdícios e age com precisão. Leal ao grupo, valoriza planejamento e mantém calma sob pressão, usando humor contido para aliviar a tensão quando necessário.","Cresceu em vilas entre bosques antigos, aprendendo rastreamento e sobrevivência com guardiões locais. Após conflitos com saqueadores e criaturas da mata, desenvolveu responsabilidade com as fronteiras, aceitando missões que protegem rotas comerciais e aldeias sob risco constante.","Percepção aguçada e leitura de pistas no terreno | Movimentação silenciosa e posicionamento tático | Tiro preciso ou golpe oportuno em pontos vitais","Warlock Monk em cenário de castelo iluminado por tochas, couro escuro com detalhes metálicos discretos, postura pronta, arco ou lâmina leve, estilo neon/arcano, luz fria em contraste com fundo âmbar."
"Drake Stonehelm","Sorcerer","Clérigo","Drake Stonehelm tem cerca de 1.79m de altura, porte atlético e postura alerta. Traços marcantes nos olhos e mandíbula firme sugerem disciplina e anos de treino. Veste peças de couro reforçado e tecido escuro com detalhes rúnicos discretos, mantendo mobilidade sem perder proteção. O cabelo, bem aparado ou preso, acompanha um semblante atento, pronto para reagir em instantes.","Reservado, observador e pragmático, evita desperdícios e age com precisão. Leal ao grupo, valoriza planejamento e mantém calma sob pressão, usando humor contido para aliviar a tensão quando necessário.","Cresceu em vilas entre bosques antigos, aprendendo rastreamento e sobrevivência com guardiões locais. Após conflitos com saqueadores e criaturas da mata, desenvolveu responsabilidade com as fronteiras, aceitando missões que protegem rotas comerciais e aldeias sob risco constante.","Percepção aguçada e leitura de pistas no terreno | Movimentação silenciosa e posicionamento tático | Tiro preciso ou golpe oportuno em pontos vitais","Clérigo Sorcerer em cenário de castelo iluminado por tochas, couro escuro com detalhes metálicos discretos, postura pronta, arco ou lâmina leve, estilo neon/arcano, luz fria em contraste com fundo âmbar."
"Nia Brightwind","Fighter","Feiticeiro","Nia Brightwind tem cerca de 1.66m de altura, porte atlético e postura alerta. Traços marcantes nos olhos e mandíbula firme sugerem disciplina e anos de treino. Veste peças de couro reforçado e tecido escuro com detalhes rúnicos discretos, mantendo mobilidade sem perder proteção. O cabelo, bem aparado ou preso, acompanha um semblante atento, pronto para reagir em instantes.","Reservado, observador e pragmático, evita desperdícios e age com precisão. Leal ao grupo, valoriza planejamento e mantém calma sob pressão, usando humor contido para aliviar a tensão quando necessário.","Cresceu em vilas entre bosques antigos, aprendendo rastreamento e sobrevivência com guardiões locais. Após conflitos com saqueadores e criaturas da mata, desenvolveu responsabilidade com as fronteiras, aceitando missões que protegem rotas comerciais e aldeias sob risco constante.","Percepção aguçada e leitura de pistas no terreno | Movimentação silenciosa e posicionamento tático | Tiro preciso ou golpe oportuno em pontos vitais","Feiticeiro Fighter em cenário de castelo iluminado por tochas, couro escuro com detalhes metálicos discretos, postura pronta, arco ou lâmina leve, estilo neon/arcano, luz fria em contraste com fundo âmbar."